blocksworld-p01.pddl-easy,0.0, 0.0
blocksworld-p02.pddl-easy,0.0, 0.0
blocksworld-p03.pddl-easy,0.15, 0.0
blocksworld-p04.pddl-easy,0.1, 0.0
blocksworld-p05.pddl-easy,0.075, 1.0
blocksworld-p06.pddl-easy,0.05, 0.5
blocksworld-p07.pddl-easy,0.375, 1.0
blocksworld-p08.pddl-easy,0.225, 1.0
blocksworld-p09.pddl-easy,0.2125, 0.0
blocksworld-p10.pddl-easy,0.2625, 0.0
blocksworld-p11.pddl-easy,0.15999999999999998, 0.7333333333333334
blocksworld-p12.pddl-easy,0.26, 0.0
blocksworld-p13.pddl-easy,0.2, 1.0
blocksworld-p14.pddl-easy,0.275, 1.0
blocksworld-p15.pddl-easy,0.29166666666666663, 0.7933333333333333
blocksworld-p16.pddl-easy,0.25625, 0.0
blocksworld-p17.pddl-easy,0.2642857142857143, 0.0
blocksworld-p18.pddl-easy,0.25833333333333336, 0.7541666666666667
blocksworld-p19.pddl-easy,0.18125, 0.5458333333333334
blocksworld-p20.pddl-easy,0.16111111111111112, 1.0
blocksworld-p21.pddl-easy,0.25, 0.0
blocksworld-p22.pddl-easy,0.21666666666666665, 0.8438492063492063
blocksworld-p23.pddl-easy,0.2125, 1.0
blocksworld-p24.pddl-easy,0.20999999999999996, 0.8916666666666666
blocksworld-p25.pddl-easy,0.24, 0.866468253968254
blocksworld-p26.pddl-easy,0.25, 0.0
blocksworld-p27.pddl-easy,0.2178571428571429, 0.0
blocksworld-p28.pddl-easy,0.16666666666666669, 0.7711904761904762
blocksworld-p29.pddl-easy,0.19666666666666663, 0.0
blocksworld-p30.pddl-easy,0.22666666666666666, 0.85
blocksworld-p31.pddl-easy,0.14642857142857144, 0.9
blocksworld-p32.pddl-easy,0.17058823529411768, 0.9400000000000001
blocksworld-p33.pddl-easy,0.2033333333333333, 0.0
blocksworld-p34.pddl-easy,0.18888888888888888, 0.0
blocksworld-p35.pddl-easy,0.23666666666666664, 0.8861111111111111
blocksworld-p36.pddl-easy,0.17352941176470588, 0.9383333333333332
blocksworld-p37.pddl-easy,0.2, 0.8166666666666667
blocksworld-p38.pddl-easy,0.16944444444444443, 0.7752380952380953
blocksworld-p39.pddl-easy,0.18333333333333335, 0.8933333333333333
blocksworld-p40.pddl-easy,0.19166666666666665, 0.85
blocksworld-p41.pddl-easy,0.17894736842105266, 0.0
blocksworld-p42.pddl-easy,0.20250000000000004, 0.74
blocksworld-p43.pddl-easy,0.13333333333333336, 0.0
blocksworld-p44.pddl-easy,0.1619047619047619, 0.0
blocksworld-p45.pddl-easy,0.20476190476190476, 0.9333333333333333
blocksworld-p46.pddl-easy,0.1409090909090909, 0.89
blocksworld-p47.pddl-easy,0.175, 0.8483333333333334
blocksworld-p48.pddl-easy,0.1386363636363636, 0.0
blocksworld-p49.pddl-easy,0.15625, 0.7816666666666666
blocksworld-p50.pddl-easy,0.14814814814814814, 0.0
blocksworld-p51.pddl-easy,0.13799999999999998, 0.8833333333333334
blocksworld-p52.pddl-easy,0.11199999999999999, 0.0
blocksworld-p53.pddl-easy,0.1388888888888889, 0.0
blocksworld-p54.pddl-easy,0.14310344827586205, 0.0
blocksworld-p55.pddl-easy,0.12692307692307692, 0.825
blocksworld-p56.pddl-easy,0.15925925925925927, 0.8191666666666666
blocksworld-p57.pddl-easy,0.14642857142857144, 0.0
blocksworld-p58.pddl-easy,0.15483870967741936, 0.9466666666666667
blocksworld-p59.pddl-easy,0.13448275862068965, 0.0
blocksworld-p60.pddl-easy,0.1390625, 0.0
blocksworld-p61.pddl-easy,0.125, 0.0
blocksworld-p62.pddl-easy,0.16875, 0.7916666666666667
blocksworld-p63.pddl-easy,0.15303030303030302, 0.82
blocksworld-p64.pddl-easy,0.13285714285714284, 0.0
blocksworld-p65.pddl-easy,0.14545454545454545, 0.8
blocksworld-p66.pddl-easy,0.11451612903225808, 0.7573809523809525
blocksworld-p67.pddl-easy,0.12000000000000002, 0.9
blocksworld-p68.pddl-easy,0.15972222222222224, 0.675
blocksworld-p69.pddl-easy,0.14558823529411766, 0.0
blocksworld-p70.pddl-easy,0.12058823529411762, 0.7583333333333334
blocksworld-p71.pddl-easy,0.11857142857142858, 0.0
blocksworld-p72.pddl-easy,0.12000000000000002, 0.7391666666666666
blocksworld-p73.pddl-easy,0.1013157894736842, 0.9
blocksworld-p74.pddl-easy,0.13125, 0.0
blocksworld-p75.pddl-easy,0.13125, 0.95
blocksworld-p76.pddl-easy,0.12435897435897436, 0.0
blocksworld-p77.pddl-easy,0.10657894736842106, 0.730952380952381
blocksworld-p78.pddl-easy,0.1297619047619048, 0.825
blocksworld-p79.pddl-easy,0.1333333333333333, 0.0
blocksworld-p80.pddl-easy,0.11136363636363637, 0.0
blocksworld-p81.pddl-easy,0.12625000000000003, 0.8574999999999999
blocksworld-p82.pddl-easy,0.1317073170731707, 0.0
blocksworld-p83.pddl-easy,0.1, 0.8654761904761905
blocksworld-p84.pddl-easy,0.11590909090909092, 0.0
blocksworld-p85.pddl-easy,0.12674418604651164, 0.0
blocksworld-p86.pddl-easy,0.037499999999999964, 0.8246153846153845
blocksworld-p87.pddl-easy,0.09111111111111109, 0.775
blocksworld-p88.pddl-easy,0.1095744680851064, 0.0
blocksworld-p89.pddl-easy,0.10777777777777778, 0.0
blocksworld-p90.pddl-easy,0.10531914893617023, 0.7654761904761905
blocksworld-p91.pddl-easy,0.09883720930232556, 0.7469444444444445
blocksworld-p92.pddl-easy,0.10106382978723402, 0.0
blocksworld-p93.pddl-easy,0.11555555555555559, 0.9330555555555555
blocksworld-p94.pddl-easy,0.1010204081632653, 0.0
blocksworld-p95.pddl-easy,0.11020408163265308, 0.0
blocksworld-p96.pddl-easy,0.10666666666666669, 0.7729563492063491
blocksworld-p97.pddl-easy,0.12264150943396224, 0.0
blocksworld-p98.pddl-easy,0.11274509803921569, 0.0
blocksworld-p99.pddl-easy,0.12058823529411763, 0.76
childsnack-p01.pddl-easy,0.0, 0.0
childsnack-p02.pddl-easy,0.0, 0.0
childsnack-p03.pddl-easy,0.0, 0.0
childsnack-p04.pddl-easy,0.02857142857142858, 0.0
childsnack-p05.pddl-easy,0.0125, 1.0
childsnack-p06.pddl-easy,0.0, 0.0
childsnack-p07.pddl-easy,0.1125, 1.0
childsnack-p08.pddl-easy,0.0125, 1.0
childsnack-p09.pddl-easy,0.0, 0.0
childsnack-p10.pddl-easy,0.075, 1.0
childsnack-p11.pddl-easy,0.07272727272727274, 1.0
childsnack-p12.pddl-easy,0.0, 0.0
childsnack-p13.pddl-easy,0.0, 0.0
childsnack-p14.pddl-easy,0.06666666666666665, 1.0
childsnack-p15.pddl-easy,0.059999999999999984, 1.0
childsnack-p16.pddl-easy,0.06666666666666665, 1.0
childsnack-p17.pddl-easy,0.059999999999999984, 1.0
childsnack-p18.pddl-easy,0.059999999999999984, 1.0
childsnack-p19.pddl-easy,0.06666666666666665, 1.0
childsnack-p20.pddl-easy,0.06666666666666665, 1.0
childsnack-p21.pddl-easy,0.059999999999999984, 1.0
childsnack-p22.pddl-easy,0.06666666666666665, 1.0
childsnack-p23.pddl-easy,0.06666666666666665, 1.0
childsnack-p24.pddl-easy,0.059999999999999984, 1.0
childsnack-p26.pddl-easy,0.06666666666666665, 1.0
childsnack-p27.pddl-easy,0.050000000000000024, 1.0
childsnack-p28.pddl-easy,0.05555555555555558, 1.0
childsnack-p29.pddl-easy,0.0, 0.0
childsnack-p30.pddl-easy,0.0, 0.0
childsnack-p31.pddl-easy,0.05555555555555558, 1.0
childsnack-p32.pddl-easy,0.05555555555555558, 1.0
childsnack-p33.pddl-easy,0.05555555555555558, 1.0
childsnack-p34.pddl-easy,0.05555555555555558, 1.0
childsnack-p35.pddl-easy,0.05555555555555558, 1.0
childsnack-p36.pddl-easy,0.05555555555555558, 1.0
childsnack-p37.pddl-easy,0.05555555555555558, 1.0
childsnack-p38.pddl-easy,0.0, 0.0
childsnack-p39.pddl-easy,0.0, 0.0
childsnack-p40.pddl-easy,0.04761904761904767, 1.0
childsnack-p41.pddl-easy,0.009523809523809535, 1.0
childsnack-p42.pddl-easy,0.04761904761904767, 1.0
childsnack-p43.pddl-easy,0.04761904761904767, 1.0
childsnack-p44.pddl-easy,0.04761904761904767, 1.0
childsnack-p45.pddl-easy,0.04761904761904767, 1.0
childsnack-p46.pddl-easy,0.04761904761904767, 1.0
childsnack-p47.pddl-easy,0.042857142857142906, 1.0
childsnack-p48.pddl-easy,0.014285714285714301, 1.0
childsnack-p49.pddl-easy,0.0047619047619047675, 1.0
childsnack-p50.pddl-easy,0.04761904761904767, 1.0
childsnack-p51.pddl-easy,0.04166666666666663, 1.0
childsnack-p52.pddl-easy,0.04166666666666663, 1.0
childsnack-p53.pddl-easy,0.04166666666666663, 1.0
childsnack-p54.pddl-easy,0.04166666666666663, 1.0
childsnack-p55.pddl-easy,0.0, 1.0
childsnack-p56.pddl-easy,0.04166666666666663, 1.0
childsnack-p57.pddl-easy,0.04166666666666663, 1.0
childsnack-p58.pddl-easy,0.04166666666666663, 1.0
childsnack-p59.pddl-easy,0.012499999999999989, 1.0
childsnack-p60.pddl-easy,0.04166666666666663, 1.0
childsnack-p61.pddl-easy,0.04166666666666663, 1.0
childsnack-p62.pddl-easy,0.04166666666666663, 1.0
childsnack-p63.pddl-easy,0.04166666666666663, 1.0
childsnack-p64.pddl-easy,0.03703703703703709, 1.0
childsnack-p65.pddl-easy,0.03703703703703709, 1.0
childsnack-p66.pddl-easy,0.03703703703703709, 1.0
childsnack-p67.pddl-easy,0.03703703703703709, 1.0
childsnack-p68.pddl-easy,0.03703703703703709, 1.0
childsnack-p69.pddl-easy,0.03703703703703709, 1.0
childsnack-p70.pddl-easy,0.03703703703703709, 1.0
childsnack-p71.pddl-easy,0.03703703703703709, 1.0
childsnack-p72.pddl-easy,0.03703703703703709, 1.0
childsnack-p73.pddl-easy,0.03703703703703709, 1.0
childsnack-p74.pddl-easy,0.03703703703703709, 1.0
childsnack-p75.pddl-easy,0.03703703703703709, 1.0
childsnack-p76.pddl-easy,0.033333333333333326, 1.0
childsnack-p77.pddl-easy,0.033333333333333326, 1.0
childsnack-p78.pddl-easy,0.033333333333333326, 1.0
childsnack-p79.pddl-easy,0.033333333333333326, 1.0
childsnack-p80.pddl-easy,0.033333333333333326, 1.0
childsnack-p81.pddl-easy,0.033333333333333326, 1.0
childsnack-p82.pddl-easy,0.033333333333333326, 1.0
childsnack-p83.pddl-easy,0.033333333333333326, 1.0
childsnack-p84.pddl-easy,0.033333333333333326, 1.0
childsnack-p85.pddl-easy,0.033333333333333326, 1.0
childsnack-p86.pddl-easy,0.033333333333333326, 1.0
childsnack-p87.pddl-easy,0.033333333333333326, 1.0
childsnack-p88.pddl-easy,0.030303030303030276, 1.0
childsnack-p89.pddl-easy,0.030303030303030276, 1.0
childsnack-p90.pddl-easy,0.030303030303030276, 1.0
childsnack-p91.pddl-easy,0.006060606060606055, 1.0
childsnack-p92.pddl-easy,0.030303030303030276, 1.0
childsnack-p93.pddl-easy,0.030303030303030276, 1.0
childsnack-p94.pddl-easy,0.030303030303030276, 1.0
childsnack-p95.pddl-easy,0.030303030303030276, 1.0
childsnack-p96.pddl-easy,0.030303030303030276, 1.0
childsnack-p97.pddl-easy,0.030303030303030276, 1.0
childsnack-p98.pddl-easy,0.030303030303030276, 1.0
childsnack-p99.pddl-easy,0.030303030303030276, 1.0
ferry-p01.pddl-easy,0.06666666666666668, 0.0
ferry-p02.pddl-easy,0.125, 0.0
ferry-p03.pddl-easy,0.225, 0.0
ferry-p04.pddl-easy,0.31428571428571433, 1.0
ferry-p05.pddl-easy,0.35714285714285715, 1.0
ferry-p06.pddl-easy,0.3, 1.0
ferry-p07.pddl-easy,0.325, 1.0
ferry-p08.pddl-easy,0.4, 1.0
ferry-p09.pddl-easy,0.22857142857142856, 0.0
ferry-p10.pddl-easy,0.275, 1.0
ferry-p11.pddl-easy,0.04285714285714287, 0.0
ferry-p12.pddl-easy,0.03333333333333334, 0.0
ferry-p13.pddl-easy,0.075, 0.0
ferry-p14.pddl-easy,0.025, 0.0
ferry-p15.pddl-easy,0.05, 0.0
ferry-p16.pddl-easy,0.225, 0.0
ferry-p17.pddl-easy,0.1875, 1.0
ferry-p18.pddl-easy,0.175, 1.0
ferry-p19.pddl-easy,0.1875, 1.0
ferry-p20.pddl-easy,0.275, 1.0
ferry-p21.pddl-easy,0.6909090909090909, 1.0
ferry-p22.pddl-easy,0.23333333333333334, 1.0
ferry-p23.pddl-easy,0.29166666666666663, 1.0
ferry-p24.pddl-easy,0.7090909090909091, 1.0
ferry-p25.pddl-easy,0.20833333333333331, 1.0
ferry-p26.pddl-easy,0.7785714285714286, 1.0
ferry-p27.pddl-easy,0.24375, 1.0
ferry-p28.pddl-easy,0.25, 1.0
ferry-p29.pddl-easy,0.2375, 1.0
ferry-p30.pddl-easy,0.7333333333333334, 1.0
ferry-p31.pddl-easy,0.7315789473684211, 1.0
ferry-p32.pddl-easy,0.7894736842105263, 1.0
ferry-p33.pddl-easy,0.3473684210526316, 1.0
ferry-p34.pddl-easy,0.27083333333333337, 1.0
ferry-p35.pddl-easy,0.7347826086956522, 1.0
ferry-p36.pddl-easy,0.175, 1.0
ferry-p37.pddl-easy,0.7681818181818182, 1.0
ferry-p38.pddl-easy,0.7913043478260869, 1.0
ferry-p39.pddl-easy,0.7851851851851852, 1.0
ferry-p40.pddl-easy,0.772, 1.0
ferry-p41.pddl-easy,0.2178571428571429, 1.0
ferry-p42.pddl-easy,0.21428571428571427, 1.0
ferry-p43.pddl-easy,0.221875, 1.0
ferry-p44.pddl-easy,0.8387096774193548, 1.0
ferry-p45.pddl-easy,0.7655172413793103, 1.0
ferry-p46.pddl-easy,0.196875, 1.0
ferry-p47.pddl-easy,0.8064516129032258, 1.0
ferry-p48.pddl-easy,0.7942857142857143, 1.0
ferry-p49.pddl-easy,0.8028571428571428, 1.0
ferry-p50.pddl-easy,0.225, 1.0
ferry-p51.pddl-easy,0.18055555555555552, 1.0
ferry-p52.pddl-easy,0.205, 1.0
ferry-p53.pddl-easy,0.8421052631578947, 1.0
ferry-p54.pddl-easy,0.7897435897435898, 1.0
ferry-p55.pddl-easy,0.7947368421052632, 1.0
ferry-p56.pddl-easy,0.8209302325581396, 1.0
ferry-p57.pddl-easy,0.8209302325581396, 1.0
ferry-p58.pddl-easy,0.8195121951219513, 1.0
ferry-p59.pddl-easy,0.8186046511627907, 1.0
ferry-p60.pddl-easy,0.18409090909090908, 1.0
ferry-p61.pddl-easy,0.8170212765957446, 1.0
ferry-p62.pddl-easy,0.15208333333333335, 1.0
ferry-p63.pddl-easy,0.8340425531914895, 1.0
ferry-p64.pddl-easy,0.8425531914893616, 1.0
ferry-p65.pddl-easy,0.8480000000000001, 1.0
ferry-p66.pddl-easy,0.2019607843137255, 1.0
ferry-p67.pddl-easy,0.18846153846153846, 1.0
ferry-p68.pddl-easy,0.13846153846153847, 1.0
ferry-p69.pddl-easy,0.1627450980392157, 1.0
ferry-p70.pddl-easy,0.8629629629629629, 1.0
ferry-p71.pddl-easy,0.1392857142857143, 1.0
ferry-p72.pddl-easy,0.861111111111111, 1.0
ferry-p73.pddl-easy,0.8545454545454545, 1.0
ferry-p74.pddl-easy,0.16666666666666666, 1.0
ferry-p75.pddl-easy,0.8610169491525423, 1.0
ferry-p76.pddl-easy,0.18, 1.0
ferry-p77.pddl-easy,0.8610169491525423, 1.0
ferry-p78.pddl-easy,0.8555555555555555, 1.0
ferry-p79.pddl-easy,0.1421875, 1.0
ferry-p80.pddl-easy,0.1484375, 1.0
ferry-p81.pddl-easy,0.1515625, 1.0
ferry-p82.pddl-easy,0.8403225806451612, 1.0
ferry-p83.pddl-easy,0.8696969696969697, 1.0
ferry-p84.pddl-easy,0.8597014925373134, 1.0
ferry-p85.pddl-easy,0.15, 1.0
ferry-p86.pddl-easy,0.19411764705882356, 1.0
ferry-p87.pddl-easy,0.8205882352941177, 1.0
ferry-p88.pddl-easy,0.8757142857142858, 1.0
ferry-p89.pddl-easy,0.8371428571428572, 1.0
ferry-p90.pddl-easy,0.8464788732394366, 1.0
ferry-p91.pddl-easy,0.8732394366197184, 1.0
ferry-p92.pddl-easy,0.14605263157894735, 1.0
ferry-p93.pddl-easy,0.15394736842105267, 1.0
ferry-p94.pddl-easy,0.8746666666666666, 1.0
ferry-p95.pddl-easy,0.8773333333333333, 1.0
ferry-p96.pddl-easy,0.8772151898734177, 1.0
ferry-p97.pddl-easy,0.889873417721519, 1.0
ferry-p98.pddl-easy,0.8846153846153847, 1.0
ferry-p99.pddl-easy,0.14125, 1.0
floortile-p01.pddl-easy,0.0, 0.0
floortile-p02.pddl-easy,0.0, 0.0
floortile-p03.pddl-easy,0.0, 0.4
floortile-p04.pddl-easy,0.0, 0.38571428571428573
floortile-p05.pddl-easy,0.0, 0.4
floortile-p06.pddl-easy,0.06875, 0.4375
floortile-p07.pddl-easy,0.11176470588235296, 0.5462173447467565
floortile-p08.pddl-easy,0.0, 0.3666666666666667
floortile-p09.pddl-easy,0.0, 0.21428571428571433
floortile-p10.pddl-easy,0.0, 0.275
floortile-p11.pddl-easy,0.0, 0.22666666666666666
floortile-p12.pddl-easy,0.0, 0.28
floortile-p13.pddl-easy,0.0, 0.2125
floortile-p14.pddl-easy,0.0, 0.2625
floortile-p15.pddl-easy,0.0, 0.1933333333333333
floortile-p16.pddl-easy,0.0, 0.24705882352941178
floortile-p17.pddl-easy,0.03500000000000001, 0.4858852258852259
floortile-p18.pddl-easy,0.05882352941176472, 0.44803946757547164
floortile-p19.pddl-easy,0.5660377358490566, 0.7509433962264151
floortile-p20.pddl-easy,0.038461538461538436, 0.4015384615384615
floortile-p21.pddl-easy,0.0375, 0.8421875
floortile-p22.pddl-easy,0.03913043478260869, 0.5201593349335892
floortile-p23.pddl-easy,0.03714285714285712, 0.4654751096596897
floortile-p24.pddl-easy,0.795890410958904, 0.8780821917808218
floortile-p25.pddl-easy,0.0618421052631579, 0.35082902467276694
floortile-p26.pddl-easy,0.03116883116883118, 0.5318749233222918
floortile-p27.pddl-easy,0.8617977528089888, 0.7359550561797753
floortile-p28.pddl-easy,0.0392857142857143, 0.44761904761904764
floortile-p29.pddl-easy,0.8105882352941176, 0.17411764705882354
floortile-p30.pddl-easy,0.02417582417582418, 0.6527393715731936
floortile-p31.pddl-easy,0.04137931034482758, 0.511331493928946
floortile-p32.pddl-easy,0.02823529411764706, 0.5786233028936705
floortile-p33.pddl-easy,0.02209302325581396, 0.7575858250276855
floortile-p34.pddl-easy,0.03411764705882353, 0.7349376114081997
floortile-p35.pddl-easy,0.030952380952380974, 0.7392857142857143
floortile-p36.pddl-easy,0.014457831325301207, 0.23025173431213833
floortile-p37.pddl-easy,0.034042553191489355, 0.6107701581925088
floortile-p38.pddl-easy,0.02168674698795183, 0.3831325301204819
floortile-p39.pddl-easy,0.0355769230769231, 0.2980107985223075
floortile-p40.pddl-easy,0.03557692307692308, 0.4809004139491944
floortile-p41.pddl-easy,0.6981481481481482, 0.7148148148148148
floortile-p44.pddl-easy,0.03883495145631066, 0.5001944998973862
floortile-p45.pddl-easy,0.009999999999999976, 0.364932275581017
floortile-p46.pddl-easy,0.012500000000000022, 0.0
floortile-p47.pddl-easy,0.5848484848484848, 0.5353535353535352
floortile-p48.pddl-easy,0.71875, 0.559375
floortile-p49.pddl-easy,0.7113402061855669, 0.5608247422680412
floortile-p50.pddl-easy,0.013829787234042556, 0.36489361702127654
floortile-p51.pddl-easy,0.008823529411764685, 0.5428283642224013
floortile-p52.pddl-easy,0.006249999999999978, 0.5143924459908644
floortile-p53.pddl-easy,0.008421052631578963, 0.35862433714264375
floortile-p54.pddl-easy,0.007526881720430101, 0.37801019923899853
floortile-p55.pddl-easy,0.010204081632653073, 0.10583333333333333
floortile-p56.pddl-easy,0.006930693069306937, 0.23928571428571427
floortile-p57.pddl-easy,0.0040000000000000036, 0.30592085367947436
floortile-p58.pddl-easy,0.007766990291262132, 0.0
floortile-p59.pddl-easy,0.005714285714285705, 0.07688624556271616
floortile-p60.pddl-easy,0.008490566037735847, 0.1949200244200244
floortile-p61.pddl-easy,0.014563106796116498, 0.13753968253968255
floortile-p62.pddl-easy,0.014141414141414132, 0.49763683772949385
floortile-p63.pddl-easy,0.010416666666666675, 0.275
floortile-p64.pddl-easy,0.01142857142857141, 0.0
floortile-p65.pddl-easy,0.01100000000000001, 0.0546405357503756
floortile-p66.pddl-easy,0.009803921568627449, 0.12254486671353008
floortile-p67.pddl-easy,0.01122448979591838, 0.3510204081632653
floortile-p68.pddl-easy,0.014754098360655754, 0.0
floortile-p69.pddl-easy,0.011428571428571444, 0.08742424242424243
floortile-p70.pddl-easy,0.017647058823529415, 0.17619047619047618
floortile-p71.pddl-easy,0.5395348837209302, 0.675968992248062
floortile-p72.pddl-easy,0.80859375, 0.65234375
floortile-p73.pddl-easy,0.015126050420168069, 0.36046819846819844
floortile-p74.pddl-easy,0.019166666666666676, 0.4537786609537979
floortile-p75.pddl-easy,0.012280701754385993, 0.46675215790973945
floortile-p76.pddl-easy,0.008620689655172398, 0.4523991909553032
floortile-p77.pddl-easy,0.2726495726495727, 0.5282051282051282
floortile-p78.pddl-easy,0.015322580645161277, 0.34301650935271627
floortile-p79.pddl-easy,0.008035714285714257, 0.0
floortile-p80.pddl-easy,0.008256880733944927, 0.39163798977267256
floortile-p81.pddl-easy,0.005555555555555569, 0.35740740740740745
floortile-p82.pddl-easy,0.005607476635514019, 0.1768189412332514
floortile-p83.pddl-easy,0.004854368932038833, 0.07819545622647107
floortile-p84.pddl-easy,0.00990099009900991, 0.12864468864468864
floortile-p85.pddl-easy,0.006122448979591843, 0.011111111111111117
floortile-p86.pddl-easy,0.006603773584905659, 0.08555290403371606
floortile-p87.pddl-easy,0.009708737864077666, 0.3223300970873786
floortile-p88.pddl-easy,0.01071428571428571, 0.0
floortile-p89.pddl-easy,0.0016666666666666607, 0.08223910077789388
floortile-p90.pddl-easy,0.005737704918032794, 0.12473080372739413
floortile-p91.pddl-easy,0.003389830508474567, 0.49992177314211206
floortile-p92.pddl-easy,0.0069565217391304056, 0.14773809523809522
floortile-p93.pddl-easy,0.005555555555555558, 0.07973165583053382
floortile-p94.pddl-easy,0.44719999999999993, 0.6344000000000001
floortile-p95.pddl-easy,0.005691056910569115, 0.0765711371961372
floortile-p96.pddl-easy,0.3795275590551181, 0.6133858267716535
floortile-p97.pddl-easy,0.00813008130081302, 0.09207811401885736
floortile-p98.pddl-easy,0.005600000000000005, 0.0
floortile-p99.pddl-easy,0.008064516129032251, 0.09619445848923044
miconic-p01.pddl-easy,0.125, 0.0
miconic-p02.pddl-easy,0.125, 0.0
miconic-p03.pddl-easy,0.07999999999999999, 0.0
miconic-p04.pddl-easy,0.13333333333333333, 0.0
miconic-p05.pddl-easy,0.2333333333333333, 1.0
miconic-p06.pddl-easy,0.15, 0.0
miconic-p07.pddl-easy,0.075, 0.0
miconic-p08.pddl-easy,0.0, 0.0
miconic-p09.pddl-easy,0.075, 0.0
miconic-p10.pddl-easy,0.03333333333333334, 0.0
miconic-p11.pddl-easy,0.1, 0.0
miconic-p12.pddl-easy,0.025, 0.0
miconic-p13.pddl-easy,0.29, 1.0
miconic-p14.pddl-easy,0.09999999999999999, 0.0
miconic-p15.pddl-easy,0.0, 0.0
miconic-p16.pddl-easy,0.025, 0.0
miconic-p17.pddl-easy,0.025, 0.0
miconic-p18.pddl-easy,0.075, 0.0
miconic-p19.pddl-easy,0.05, 0.0
miconic-p20.pddl-easy,0.025, 0.0
miconic-p21.pddl-easy,0.075, 0.0
miconic-p22.pddl-easy,0.0, 0.0
miconic-p23.pddl-easy,0.075, 0.0
miconic-p24.pddl-easy,0.05714285714285715, 1.0
miconic-p25.pddl-easy,0.1125, 1.0
miconic-p26.pddl-easy,0.10000000000000005, 1.0
miconic-p27.pddl-easy,0.0625, 1.0
miconic-p28.pddl-easy,0.1285714285714286, 0.0
miconic-p29.pddl-easy,0.07142857142857142, 0.0
miconic-p30.pddl-easy,0.1625, 1.0
miconic-p31.pddl-easy,0.0625, 1.0
miconic-p32.pddl-easy,0.08888888888888893, 0.0
miconic-p33.pddl-easy,0.09999999999999998, 1.0
miconic-p34.pddl-easy,0.22999999999999998, 1.0
miconic-p35.pddl-easy,0.027272727272727282, 1.0
miconic-p36.pddl-easy,0.2, 1.0
miconic-p37.pddl-easy,0.20909090909090908, 1.0
miconic-p38.pddl-easy,0.059999999999999984, 0.0
miconic-p39.pddl-easy,0.22999999999999998, 1.0
miconic-p40.pddl-easy,0.34444444444444444, 1.0
miconic-p41.pddl-easy,0.2357142857142857, 1.0
miconic-p42.pddl-easy,0.3384615384615385, 1.0
miconic-p43.pddl-easy,0.15714285714285717, 1.0
miconic-p44.pddl-easy,0.42666666666666664, 1.0
miconic-p45.pddl-easy,0.29230769230769227, 1.0
miconic-p46.pddl-easy,0.2642857142857143, 1.0
miconic-p47.pddl-easy,0.2666666666666667, 1.0
miconic-p48.pddl-easy,0.13999999999999999, 0.2
miconic-p49.pddl-easy,0.4294117647058823, 1.0
miconic-p50.pddl-easy,0.225, 1.0
miconic-p51.pddl-easy,0.24705882352941178, 1.0
miconic-p52.pddl-easy,0.22777777777777777, 1.0
miconic-p53.pddl-easy,0.2571428571428571, 1.0
miconic-p54.pddl-easy,0.4, 1.0
miconic-p55.pddl-easy,0.41875, 1.0
miconic-p56.pddl-easy,0.20625, 0.0
miconic-p57.pddl-easy,0.4294117647058823, 1.0
miconic-p58.pddl-easy,0.2333333333333333, 1.0
miconic-p59.pddl-easy,0.5857142857142856, 1.0
miconic-p60.pddl-easy,0.36, 1.0
miconic-p61.pddl-easy,0.4, 1.0
miconic-p62.pddl-easy,0.185, 1.0
miconic-p63.pddl-easy,0.33, 1.0
miconic-p64.pddl-easy,0.135, 1.0
miconic-p65.pddl-easy,0.27222222222222225, 1.0
miconic-p66.pddl-easy,0.380952380952381, 1.0
miconic-p67.pddl-easy,0.34347826086956523, 1.0
miconic-p68.pddl-easy,0.14782608695652175, 1.0
miconic-p69.pddl-easy,0.2208333333333333, 1.0
miconic-p70.pddl-easy,0.43478260869565216, 1.0
miconic-p71.pddl-easy,0.5769230769230769, 1.0
miconic-p72.pddl-easy,0.1125, 0.0
miconic-p73.pddl-easy,0.47391304347826085, 1.0
miconic-p74.pddl-easy,0.1318181818181818, 1.0
miconic-p75.pddl-easy,0.33999999999999997, 1.0
miconic-p76.pddl-easy,0.15384615384615383, 1.0
miconic-p77.pddl-easy,0.4821428571428571, 1.0
miconic-p78.pddl-easy,0.3481481481481482, 1.0
miconic-p79.pddl-easy,0.33999999999999997, 1.0
miconic-p80.pddl-easy,0.25925925925925924, 1.0
miconic-p81.pddl-easy,0.34615384615384615, 1.0
miconic-p82.pddl-easy,0.35185185185185186, 1.0
miconic-p83.pddl-easy,0.3068965517241379, 1.0
miconic-p84.pddl-easy,0.2925925925925926, 1.0
miconic-p85.pddl-easy,0.38275862068965516, 1.0
miconic-p86.pddl-easy,0.446875, 1.0
miconic-p87.pddl-easy,0.26206896551724135, 1.0
miconic-p88.pddl-easy,0.37241379310344824, 1.0
miconic-p89.pddl-easy,0.18064516129032257, 1.0
miconic-p90.pddl-easy,0.32, 1.0
miconic-p91.pddl-easy,0.5310344827586206, 1.0
miconic-p92.pddl-easy,0.4428571428571429, 1.0
miconic-p93.pddl-easy,0.321875, 1.0
miconic-p94.pddl-easy,0.15294117647058827, 1.0
miconic-p95.pddl-easy,0.2363636363636364, 1.0
miconic-p96.pddl-easy,0.44848484848484843, 1.0
miconic-p97.pddl-easy,0.378125, 1.0
miconic-p98.pddl-easy,0.2257142857142857, 1.0
miconic-p99.pddl-easy,0.32941176470588235, 1.0
rovers-p01.pddl-easy,0.059999999999999984, 1.0
rovers-p02.pddl-easy,0, 0
rovers-p03.pddl-easy,0, 0
rovers-p04.pddl-easy,0, 0
rovers-p05.pddl-easy,0.20714285714285713, 1.0
rovers-p06.pddl-easy,0, 0
rovers-p07.pddl-easy,0, 0
rovers-p08.pddl-easy,0, 0
rovers-p09.pddl-easy,0, 0
rovers-p10.pddl-easy,0, 0
rovers-p11.pddl-easy,0, 0
rovers-p12.pddl-easy,0.05555555555555558, 1.0
rovers-p13.pddl-easy,0, 0
rovers-p14.pddl-easy,0, 0
rovers-p15.pddl-easy,0, 0
rovers-p16.pddl-easy,0.11428571428571428, 1.0
rovers-p17.pddl-easy,0, 0
rovers-p18.pddl-easy,0, 0
rovers-p19.pddl-easy,0, 0
rovers-p20.pddl-easy,0.0, 0.0
rovers-p21.pddl-easy,0, 0
rovers-p22.pddl-easy,0, 0
rovers-p23.pddl-easy,0, 0
rovers-p24.pddl-easy,0, 0
rovers-p25.pddl-easy,0.0357142857142857, 1.0
rovers-p26.pddl-easy,0, 0
rovers-p27.pddl-easy,0, 0
rovers-p28.pddl-easy,0, 0
rovers-p29.pddl-easy,0, 0
rovers-p30.pddl-easy,0, 0
rovers-p31.pddl-easy,0, 0
rovers-p32.pddl-easy,0, 0
rovers-p33.pddl-easy,0, 0
rovers-p34.pddl-easy,0.13333333333333336, 1.0
rovers-p35.pddl-easy,0, 0
rovers-p36.pddl-easy,0, 0
rovers-p37.pddl-easy,0, 0
rovers-p38.pddl-easy,0.0, 0.0
rovers-p39.pddl-easy,0, 0
rovers-p40.pddl-easy,0, 0
rovers-p41.pddl-easy,0.09772727272727275, 0.85
rovers-p42.pddl-easy,0, 0
rovers-p43.pddl-easy,0, 0
rovers-p44.pddl-easy,0, 0
rovers-p45.pddl-easy,0, 0
rovers-p46.pddl-easy,0, 0
rovers-p47.pddl-easy,0, 0
rovers-p48.pddl-easy,0, 0
rovers-p49.pddl-easy,0, 0
rovers-p50.pddl-easy,0, 0
rovers-p51.pddl-easy,0, 0
rovers-p52.pddl-easy,0, 0
rovers-p53.pddl-easy,0, 0
rovers-p54.pddl-easy,0, 0
rovers-p55.pddl-easy,0, 0
rovers-p56.pddl-easy,0, 0
rovers-p57.pddl-easy,0, 0
rovers-p58.pddl-easy,0, 0
rovers-p59.pddl-easy,0, 0
rovers-p60.pddl-easy,0, 0
rovers-p61.pddl-easy,0, 0
rovers-p62.pddl-easy,0, 0
rovers-p63.pddl-easy,0, 0
rovers-p64.pddl-easy,0, 0
rovers-p65.pddl-easy,0.0, 1.0
rovers-p66.pddl-easy,0, 0
rovers-p67.pddl-easy,0, 0
rovers-p68.pddl-easy,0, 0
rovers-p69.pddl-easy,0, 0
rovers-p70.pddl-easy,0, 0
rovers-p71.pddl-easy,0, 0
rovers-p72.pddl-easy,0, 0
rovers-p73.pddl-easy,0, 0
rovers-p74.pddl-easy,0, 0
rovers-p75.pddl-easy,0, 0
rovers-p76.pddl-easy,0, 0
rovers-p77.pddl-easy,0, 0
rovers-p78.pddl-easy,0, 0
rovers-p79.pddl-easy,0, 0
rovers-p80.pddl-easy,0, 0
rovers-p81.pddl-easy,0, 0
rovers-p82.pddl-easy,0.23448275862068962, 1.0
rovers-p83.pddl-easy,0.16129032258064516, 1.0
rovers-p84.pddl-easy,0, 0
rovers-p85.pddl-easy,0, 0
rovers-p86.pddl-easy,0, 0
rovers-p87.pddl-easy,0, 0
rovers-p88.pddl-easy,0, 0
rovers-p89.pddl-easy,0.38125, 1.0
rovers-p90.pddl-easy,0, 0
rovers-p91.pddl-easy,0, 0
rovers-p92.pddl-easy,0, 0
rovers-p93.pddl-easy,0.29, 1.0
rovers-p94.pddl-easy,0, 0
rovers-p95.pddl-easy,0, 0
rovers-p96.pddl-easy,0, 0
rovers-p97.pddl-easy,0, 0
rovers-p98.pddl-easy,0, 0
rovers-p99.pddl-easy,0, 0
satellite-p01.pddl-easy,0.016666666666666663, 0.0
satellite-p02.pddl-easy,0.1875, 0.0
satellite-p03.pddl-easy,0.6333333333333334, 1.0
satellite-p04.pddl-easy,0.34444444444444444, 0.0
satellite-p05.pddl-easy,0.24000000000000005, 0.0
satellite-p06.pddl-easy,0.4333333333333334, 0.0
satellite-p07.pddl-easy,0.26363636363636367, 0.0
satellite-p08.pddl-easy,0.4473684210526316, 0.0
satellite-p09.pddl-easy,0.48, 0.5733333333333334
satellite-p10.pddl-easy,0.41, 0.41
satellite-p11.pddl-easy,0.2611111111111111, 0.22524101307189542
satellite-p12.pddl-easy,0.7432432432432432, 0.3162162162162162
satellite-p13.pddl-easy,0.7371428571428572, 0.23428571428571426
satellite-p14.pddl-easy,0.34210526315789475, 0.20526315789473687
satellite-p15.pddl-easy,0.275, 0.20252043447853835
satellite-p16.pddl-easy,0.17045454545454547, 0.15436549633144062
satellite-p17.pddl-easy,0.7395833333333334, 0.2479166666666667
satellite-p18.pddl-easy,0.7354166666666667, 0.24791666666666665
satellite-p19.pddl-easy,0.7270833333333334, 0.26041666666666663
satellite-p20.pddl-easy,0.7633333333333334, 0.2533333333333333
satellite-p21.pddl-easy,0.16842105263157897, 0.0
satellite-p22.pddl-easy,0.7588235294117647, 0.1970588235294118
satellite-p23.pddl-easy,0.7428571428571429, 0.2128571428571429
satellite-p24.pddl-easy,0.3764705882352941, 0.0
satellite-p25.pddl-easy,0.7602409638554217, 0.2
satellite-p26.pddl-easy,0.753012048192771, 0.19036144578313252
satellite-p27.pddl-easy,0.7650602409638554, 0.19036144578313252
satellite-p28.pddl-easy,0.758139534883721, 0.19069767441860466
satellite-p29.pddl-easy,0.7488095238095238, 0.19880952380952382
satellite-p30.pddl-easy,0.4578947368421053, 0.0
satellite-p31.pddl-easy,0.756701030927835, 0.1752577319587629
satellite-p32.pddl-easy,0.3111111111111111, 0.21414141414141413
satellite-p33.pddl-easy,0.749, 0.18
satellite-p34.pddl-easy,0.273, 0.189
satellite-p35.pddl-easy,0.7828125, 0.16796875
satellite-p36.pddl-easy,0.23664122137404578, 0.19847328244274812
satellite-p37.pddl-easy,0.7576, 0.1592
satellite-p38.pddl-easy,0.7671875, 0.1625
satellite-p39.pddl-easy,0.776984126984127, 0.1738095238095238
satellite-p40.pddl-easy,0.7913333333333333, 0.11933333333333333
satellite-p41.pddl-easy,0.7865030674846626, 0.12208588957055215
satellite-p42.pddl-easy,0.79625, 0.125
satellite-p43.pddl-easy,0.7950310559006211, 0.11118012422360249
satellite-p44.pddl-easy,0.7803571428571429, 0.09523809523809523
satellite-p45.pddl-easy,0.7784090909090909, 0.08068181818181817
satellite-p46.pddl-easy,0.43235294117647055, 0.0
satellite-p47.pddl-easy,0.8126315789473685, 0.09157894736842104
satellite-p48.pddl-easy,0.8263414634146342, 0.0995121951219512
satellite-p49.pddl-easy,0.8191489361702127, 0.1025531914893617
satellite-p50.pddl-easy,0.8077519379844962, 0.09379844961240308
satellite-p51.pddl-easy,0.8004237288135594, 0.10762711864406779
satellite-p52.pddl-easy,0.7931451612903226, 0.10362903225806455
satellite-p53.pddl-easy,0.5065727699530517, 0.0
satellite-p54.pddl-easy,0.8112033195020747, 0.10705394190871369
satellite-p55.pddl-easy,0.8134831460674157, 0.08876404494382022
satellite-p56.pddl-easy,0.8093023255813954, 0.07674418604651165
satellite-p57.pddl-easy,0.8077966101694916, 0.08881355932203389
satellite-p58.pddl-easy,0.8025, 0.09321428571428572
satellite-p59.pddl-easy,0.8096428571428571, 0.09285714285714285
satellite-p60.pddl-easy,0.7983221476510067, 0.08859060402684565
satellite-p61.pddl-easy,0.8064935064935066, 0.09285714285714283
satellite-p62.pddl-easy,0.8432664756446991, 0.09598853868194841
satellite-p63.pddl-easy,0.8354037267080745, 0.08540372670807453
satellite-p64.pddl-easy,0.7996491228070175, 0.08140350877192981
satellite-p65.pddl-easy,0.8189655172413793, 0.09626436781609195
satellite-p66.pddl-easy,0.8300813008130081, 0.07994579945799457
satellite-p67.pddl-easy,0.8273712737127372, 0.07723577235772355
satellite-p68.pddl-easy,0.8138586956521738, 0.08043478260869566
satellite-p69.pddl-easy,0.8145205479452053, 0.07917808219178082
satellite-p70.pddl-easy,0.8344594594594594, 0.05765765765765768
satellite-p71.pddl-easy,0.8283464566929133, 0.05774278215223098
satellite-p72.pddl-easy,0.8141057934508815, 0.05591939546599498
satellite-p73.pddl-easy,0.831077694235589, 0.05463659147869676
satellite-p74.pddl-easy,0.8408602150537634, 0.060430107526881716
satellite-p75.pddl-easy,0.8433408577878104, 0.054176072234762965
satellite-p76.pddl-easy,0.8252293577981652, 0.05550458715596329
satellite-p77.pddl-easy,0.8458891013384321, 0.062141491395793516
satellite-p78.pddl-easy,0.8566552901023889, 0.057337883959044364
satellite-p79.pddl-easy,0.8351807228915662, 0.053253012048192785
satellite-p80.pddl-easy,0.8286245353159851, 0.04907063197026022
satellite-p81.pddl-easy,0.833615221987315, 0.04693446088794926
satellite-p82.pddl-easy,0.8430769230769231, 0.05010989010989011
satellite-p83.pddl-easy,0.8430830039525692, 0.055731225296442685
satellite-p84.pddl-easy,0.8412811387900355, 0.05569395017793595
satellite-p85.pddl-easy,0.8383458646616541, 0.04924812030075189
satellite-p86.pddl-easy,0.8402116402116402, 0.05026455026455029
satellite-p87.pddl-easy,0.845141065830721, 0.0537617554858934
satellite-p88.pddl-easy,0.8355817875210793, 0.05801011804384484
satellite-p89.pddl-easy,0.8522627737226276, 0.06145985401459854
satellite-p90.pddl-easy,0.8429565217391304, 0.0471304347826087
satellite-p91.pddl-easy,0.855072463768116, 0.048792270531400964
satellite-p92.pddl-easy,0.8553977272727273, 0.052414772727272727
satellite-p93.pddl-easy,0.8606400000000001, 0.047680000000000014
satellite-p94.pddl-easy,0.8638297872340426, 0.047264437689969595
satellite-p95.pddl-easy,0.8439509954058193, 0.041500765696784084
satellite-p96.pddl-easy,0.8553191489361703, 0.053856382978723395
satellite-p97.pddl-easy,0.8626027397260273, 0.04383561643835617
satellite-p98.pddl-easy,0.8444444444444444, 0.04492753623188406
satellite-p99.pddl-easy,0.8595907928388747, 0.04641943734015347
sokoban-p01.pddl-easy,0.5000000000000001, 0.45
sokoban-p02.pddl-easy,0.4333333333333334, 0.55
sokoban-p03.pddl-easy,0.5333333333333334, 0.5
sokoban-p04.pddl-easy,0.5333333333333334, 0.6
sokoban-p05.pddl-easy,0.4818181818181818, 0.909090909090909
sokoban-p06.pddl-easy,0.5363636363636364, 0.9363636363636363
sokoban-p07.pddl-easy,0.5636363636363637, 0.9
sokoban-p08.pddl-easy,0.509090909090909, 0.909090909090909
sokoban-p09.pddl-easy,0.5, 0.9636363636363636
sokoban-p10.pddl-easy,0.5181818181818182, 0.9454545454545455
sokoban-p11.pddl-easy,0.5272727272727272, 0.9272727272727274
sokoban-p12.pddl-easy,0.509090909090909, 0.9545454545454545
sokoban-p13.pddl-easy,0.5833333333333333, 0.9583333333333334
sokoban-p14.pddl-easy,0.5777777777777778, 0.9444444444444444
sokoban-p15.pddl-easy,0.6333333333333334, 0.95
sokoban-p16.pddl-easy,0.8538461538461538, 0.9846153846153847
sokoban-p17.pddl-easy,0.6, 0.9636363636363636
sokoban-p18.pddl-easy,0.5, 0.95
sokoban-p19.pddl-easy,0.6, 0.9333333333333333
sokoban-p20.pddl-easy,0.6166666666666666, 0.9333333333333333
sokoban-p21.pddl-easy,0.5125, 0.8875
sokoban-p22.pddl-easy,0.6, 0.94375
sokoban-p23.pddl-easy,0.5444444444444445, 0.9333333333333333
sokoban-p24.pddl-easy,0.6428571428571429, 0.8714285714285716
sokoban-p25.pddl-easy,0.0, 0.0
sokoban-p26.pddl-easy,0.0, 0.0
sokoban-p27.pddl-easy,0.2, 0.8550000000000001
sokoban-p28.pddl-easy,0.575, 0.95
sokoban-p29.pddl-easy,0.34285714285714286, 1.0
sokoban-p30.pddl-easy,0.5599999999999999, 0.97
sokoban-p31.pddl-easy,0.5071428571428571, 0.9285714285714286
sokoban-p32.pddl-easy,0.0, 0.0
sokoban-p33.pddl-easy,0.0, 0.0
sokoban-p34.pddl-easy,0.0, 0.0
sokoban-p35.pddl-easy,0.6799999999999999, 0.74
sokoban-p36.pddl-easy,0.4409090909090909, 0.9454545454545455
sokoban-p37.pddl-easy,0.84375, 0.74375
sokoban-p38.pddl-easy,0.775, 0.8583333333333334
sokoban-p39.pddl-easy,0.6846153846153846, 0.7923076923076924
sokoban-p40.pddl-easy,0.6533333333333334, 0.8800000000000001
sokoban-p41.pddl-easy,0.6111111111111112, 0.6333333333333334
sokoban-p42.pddl-easy,0.6758620689655173, 0.9310344827586207
sokoban-p43.pddl-easy,0.9, 0.9
sokoban-p44.pddl-easy,0.5333333333333334, 0.9222222222222222
sokoban-p45.pddl-easy,0.5650000000000001, 0.9549999999999998
sokoban-p46.pddl-easy,0.9379310344827585, 0.9620689655172414
sokoban-p47.pddl-easy,0.3235294117647059, 0.7411764705882352
sokoban-p48.pddl-easy,0.95, 0.9607142857142857
sokoban-p49.pddl-easy,0.575, 0.95625
sokoban-p50.pddl-easy,0.44000000000000006, 0.784
sokoban-p51.pddl-easy,0.8571428571428571, 0.7571428571428571
sokoban-p52.pddl-easy,0.8166666666666667, 0.8777777777777777
sokoban-p53.pddl-easy,0.6473684210526316, 0.8526315789473685
sokoban-p54.pddl-easy,0.0, 1.0
sokoban-p55.pddl-easy,0.9304347826086957, 0.9217391304347826
sokoban-p56.pddl-easy,0.6176470588235293, 0.876470588235294
sokoban-p57.pddl-easy,0.078125, 0.9
sokoban-p58.pddl-easy,0.9321428571428572, 0.9178571428571429
sokoban-p59.pddl-easy,0.9525, 0.9400000000000001
sokoban-p60.pddl-easy,0.3742857142857143, 1.0
sokoban-p61.pddl-easy,0.9476190476190476, 0.9428571428571428
sokoban-p62.pddl-easy,0.9205128205128205, 0.9128205128205128
sokoban-p63.pddl-easy,0.012499999999999989, 0.9041666666666666
sokoban-p64.pddl-easy,0.9604651162790697, 0.969767441860465
sokoban-p65.pddl-easy,0.9578947368421054, 0.9605263157894737
sokoban-p66.pddl-easy,0.9631578947368421, 0.9342105263157896
sokoban-p67.pddl-easy,0.5555555555555556, 0.8666666666666666
sokoban-p68.pddl-easy,0.9235294117647058, 0.9088235294117647
sokoban-p69.pddl-easy,0.9363636363636363, 0.9227272727272726
sokoban-p70.pddl-easy,0.946875, 0.93125
sokoban-p71.pddl-easy,0.9454545454545455, 0.965909090909091
sokoban-p72.pddl-easy,0.9315789473684211, 0.9421052631578947
sokoban-p73.pddl-easy,0.5549999999999999, 0.8699999999999999
sokoban-p74.pddl-easy,0.5576923076923077, 0.8461538461538461
sokoban-p75.pddl-easy,0.34285714285714286, 0.7821428571428571
sokoban-p76.pddl-easy,0.9458333333333334, 0.9291666666666666
sokoban-p77.pddl-easy,0.45555555555555555, 0.788888888888889
sokoban-p78.pddl-easy,0.5885714285714286, 0.8857142857142858
sokoban-p79.pddl-easy,0.9451612903225806, 0.9451612903225806
sokoban-p80.pddl-easy,0.9394736842105263, 0.9368421052631579
sokoban-p81.pddl-easy,0.9688524590163935, 0.9754098360655737
sokoban-p82.pddl-easy,0.9588235294117646, 0.9627450980392156
sokoban-p83.pddl-easy,0.951063829787234, 0.9382978723404255
sokoban-p84.pddl-easy,0.9688888888888888, 0.9377777777777778
sokoban-p85.pddl-easy,0.9531914893617021, 0.9234042553191489
sokoban-p86.pddl-easy,0.3440677966101695, 0.7593220338983051
sokoban-p87.pddl-easy,0.6416666666666667, 0.8805555555555555
sokoban-p88.pddl-easy,0.9563636363636363, 0.9436363636363636
sokoban-p89.pddl-easy,0.9408163265306122, 0.9326530612244899
sokoban-p90.pddl-easy,0.9483333333333333, 0.9666666666666666
sokoban-p91.pddl-easy,0.40909090909090906, 0.7696969696969698
