ID, Domain, len, len%, acceptance_rate, invalid_acceptance_rate
0, blocksworld, 10, 0.0020185708518368995, 0.03571428571428571, 0.0
1, blocksworld, 10, 0.0020185708518368995, 0.03571428571428571, 0.0
2, blocksworld, 10, 0.0020185708518368995, 0.03571428571428571, 0.0
3, blocksworld, 10, 0.0020185708518368995, 0.03571428571428571, 0.0
4, blocksworld, 10, 0.0020185708518368995, 0.03571428571428571, 0.0
5, blocksworld, 10, 0.0020185708518368995, 0.03571428571428571, 0.0
6, blocksworld, 10, 0.0020185708518368995, 0.03571428571428571, 0.0
7, blocksworld, 10, 0.0020185708518368995, 1.0, 0.0
8, blocksworld, 50, 0.010092854259184497, 0.03571428571428571, 0.0
9, blocksworld, 30, 0.006055712555510699, 0.03571428571428571, 0.0
10, blocksworld, 50, 0.010092854259184497, 0.03571428571428571, 0.0
11, blocksworld, 50, 0.010092854259184497, 0.03571428571428571, 0.0
12, blocksworld, 50, 0.010092854259184497, 0.03571428571428571, 0.0
13, blocksworld, 40, 0.008074283407347598, 1.0, 0.0
14, blocksworld, 40, 0.008074283407347598, 0.03571428571428571, 0.0
15, blocksworld, 50, 0.010092854259184497, 0.03571428571428571, 0.0
16, blocksworld, 50, 0.010092854259184497, 1.0, 0.0
17, blocksworld, 50, 0.010092854259184497, 1.0, 0.0
18, blocksworld, 90, 0.018167137666532097, 1.0, 0.0
19, blocksworld, 100, 0.020185708518368994, 1.0, 0.0
20, blocksworld, 100, 0.020185708518368994, 1.0, 0.0
21, blocksworld, 100, 0.020185708518368994, 1.0, 0.0
22, blocksworld, 96, 0.019378280177634235, 1.0, 0.0
23, blocksworld, 98, 0.019781994348001614, 1.0, 0.0
24, blocksworld, 98, 0.019781994348001614, 1.0, 0.0
25, blocksworld, 100, 0.020185708518368994, 1.0, 0.0
26, blocksworld, 100, 0.020185708518368994, 1.0, 0.0
27, blocksworld, 90, 0.018167137666532097, 1.0, 0.0
28, blocksworld, 20, 0.004037141703673799, 1.0, 0.0
29, blocksworld, 12, 0.0024222850222042794, 1.0, 0.0
30, blocksworld, 10, 0.0020185708518368995, 1.0, 0.0
31, blocksworld, 20, 0.004037141703673799, 1.0, 0.0
32, blocksworld, 20, 0.004037141703673799, 0.03571428571428571, 0.0
33, blocksworld, 20, 0.004037141703673799, 0.03571428571428571, 0.0
34, blocksworld, 20, 0.004037141703673799, 0.03571428571428571, 0.0
35, blocksworld, 20, 0.004037141703673799, 0.03571428571428571, 0.0
36, blocksworld, 20, 0.004037141703673799, 0.03571428571428571, 0.0
37, blocksworld, 20, 0.004037141703673799, 0.03571428571428571, 0.0
38, blocksworld, 92, 0.018570851836899476, 1.0, 0.0
39, blocksworld, 96, 0.019378280177634235, 1.0, 0.0
40, blocksworld, 100, 0.020185708518368994, 1.0, 0.0
41, blocksworld, 92, 0.018570851836899476, 1.0, 0.0
42, blocksworld, 80, 0.016148566814695196, 1.0, 0.0
43, blocksworld, 90, 0.018167137666532097, 1.0, 0.0
44, blocksworld, 76, 0.015341138473960436, 1.0, 0.0
45, blocksworld, 100, 0.020185708518368994, 0.03571428571428571, 0.0
46, blocksworld, 100, 0.020185708518368994, 1.0, 0.0
47, blocksworld, 74, 0.014937424303593056, 1.0, 0.0
48, blocksworld, 164, 0.03310456197012515, 1.0, 0.0
49, blocksworld, 188, 0.03794913201453371, 1.0, 0.0
50, blocksworld, 180, 0.036334275333064193, 1.0, 0.0
51, blocksworld, 164, 0.03310456197012515, 1.0, 0.0
52, blocksworld, 158, 0.03189341945902301, 1.0, 0.0
53, blocksworld, 164, 0.03310456197012515, 1.0, 0.0
54, blocksworld, 140, 0.028259991925716592, 1.0, 0.0
55, blocksworld, 192, 0.03875656035526847, 1.0, 0.0
56, blocksworld, 188, 0.03794913201453371, 1.0, 0.0
57, blocksworld, 160, 0.03229713362939039, 1.0, 0.0
58, blocksworld, 16, 0.003229713362939039, 1.0, 0.0
59, blocksworld, 12, 0.0024222850222042794, 1.0, 0.0
60, blocksworld, 30, 0.006055712555510699, 0.03571428571428571, 0.0
61, blocksworld, 30, 0.006055712555510699, 1.0, 0.0
62, blocksworld, 14, 0.002825999192571659, 1.0, 0.0
63, blocksworld, 30, 0.006055712555510699, 0.03571428571428571, 0.0
64, blocksworld, 30, 0.006055712555510699, 1.0, 0.0
65, blocksworld, 30, 0.006055712555510699, 0.03571428571428571, 0.0
66, blocksworld, 30, 0.006055712555510699, 0.03571428571428571, 0.0
67, blocksworld, 128, 0.025837706903512312, 1.0, 0.0
68, blocksworld, 144, 0.029067420266451354, 1.0, 0.0
69, blocksworld, 150, 0.030278562777553492, 0.03571428571428571, 0.0
70, blocksworld, 132, 0.026645135244247074, 1.0, 0.0
71, blocksworld, 150, 0.030278562777553492, 1.0, 0.0
72, blocksworld, 98, 0.019781994348001614, 1.0, 0.0
73, blocksworld, 122, 0.024626564392410174, 1.0, 0.0
74, blocksworld, 150, 0.030278562777553492, 1.0, 0.0
75, blocksworld, 150, 0.030278562777553492, 1.0, 0.0
76, blocksworld, 128, 0.025837706903512312, 1.0, 0.0
77, blocksworld, 244, 0.04925312878482035, 1.0, 0.0
78, blocksworld, 268, 0.05409769882922891, 1.0, 0.0
79, blocksworld, 218, 0.04400484457004441, 1.0, 0.0
80, blocksworld, 280, 0.056519983851433184, 1.0, 0.0
81, blocksworld, 240, 0.04844570044408559, 1.0, 0.0
82, blocksworld, 242, 0.04884941461445297, 1.0, 0.0
83, blocksworld, 298, 0.060153411384739605, 1.0, 0.0
84, blocksworld, 300, 0.060557125555106985, 1.0, 0.0
85, blocksworld, 282, 0.05692369802180056, 1.0, 0.0
86, blocksworld, 188, 0.03794913201453371, 1.0, 0.0
87, blocksworld, 50, 0.010092854259184497, 1.0, 0.0
88, blocksworld, 24, 0.004844570044408559, 1.0, 0.0
89, blocksworld, 50, 0.010092854259184497, 1.0, 0.0
90, blocksworld, 50, 0.010092854259184497, 1.0, 0.0
91, blocksworld, 14, 0.002825999192571659, 1.0, 0.0
92, blocksworld, 40, 0.008074283407347598, 1.0, 0.0
93, blocksworld, 50, 0.010092854259184497, 1.0, 0.0
94, blocksworld, 50, 0.010092854259184497, 1.0, 0.0
95, blocksworld, 30, 0.006055712555510699, 1.0, 0.0
96, blocksworld, 50, 0.010092854259184497, 1.0, 0.0
97, blocksworld, 140, 0.028259991925716592, 1.0, 0.0
98, blocksworld, 182, 0.03673798950343157, 1.0, 0.0
99, blocksworld, 142, 0.02866370609608397, 1.0, 0.0
100, blocksworld, 244, 0.04925312878482035, 1.0, 0.0
101, blocksworld, 180, 0.036334275333064193, 1.0, 0.0
102, blocksworld, 152, 0.03068227694792087, 1.0, 0.0
103, blocksworld, 174, 0.03512313282196205, 1.0, 0.0
104, blocksworld, 200, 0.04037141703673799, 1.0, 0.0
105, blocksworld, 190, 0.03835284618490109, 1.0, 0.0
106, blocksworld, 184, 0.03714170367379895, 1.0, 0.0
107, blocksworld, 314, 0.06338312474767864, 1.0, 0.0
108, blocksworld, 358, 0.072264836495761, 1.0, 0.0
109, blocksworld, 372, 0.07509083568833266, 1.0, 0.0
110, blocksworld, 388, 0.0783205490512717, 1.0, 0.0
111, blocksworld, 364, 0.07347597900686315, 1.0, 0.0
112, blocksworld, 380, 0.07670569236980218, 1.0, 0.0
113, blocksworld, 456, 0.09204683084376261, 1.0, 0.0
114, blocksworld, 428, 0.0863948324586193, 1.0, 0.0
115, blocksworld, 370, 0.07468712151796528, 1.0, 0.0
116, blocksworld, 350, 0.07064997981429148, 1.0, 0.0
117, blocksworld, 94, 0.018974566007266856, 1.0, 0.0
118, blocksworld, 70, 0.014129995962858296, 1.0, 0.0
119, blocksworld, 86, 0.017359709325797335, 1.0, 0.0
120, blocksworld, 28, 0.005651998385143318, 1.0, 0.0
121, blocksworld, 42, 0.008477997577714978, 1.0, 0.0
122, blocksworld, 14, 0.002825999192571659, 1.0, 0.0
123, blocksworld, 52, 0.010496568429551878, 1.0, 0.0
124, blocksworld, 84, 0.016955995155429955, 1.0, 0.0
125, blocksworld, 162, 0.03270084779975777, 1.0, 0.0
126, blocksworld, 286, 0.05773112636253532, 1.0, 0.0
127, blocksworld, 262, 0.05288655631812677, 1.0, 0.0
128, blocksworld, 170, 0.03431570448122729, 1.0, 0.0
129, blocksworld, 400, 0.08074283407347597, 1.0, 0.0
130, blocksworld, 186, 0.03754541784416633, 1.0, 0.0
131, blocksworld, 82, 0.016552280985062576, 1.0, 0.0
132, blocksworld, 198, 0.03996770286637061, 1.0, 0.0
133, blocksworld, 180, 0.036334275333064193, 1.0, 0.0
134, blocksworld, 218, 0.04400484457004441, 1.0, 0.0
135, blocksworld, 432, 0.08720226079935406, 1.0, 0.0
136, blocksworld, 510, 0.10294711344368188, 1.0, 0.0
137, blocksworld, 690, 0.13928138877674606, 1.0, 0.0
138, blocksworld, 582, 0.11748082357690755, 1.0, 0.0
139, blocksworld, 598, 0.12071053693984658, 1.0, 0.0
140, blocksworld, 528, 0.1065805409769883, 1.0, 0.0
141, blocksworld, 486, 0.09810254339927331, 1.0, 0.0
142, blocksworld, 536, 0.10819539765845781, 1.0, 0.0
143, blocksworld, 444, 0.08962454582155834, 1.0, 0.0
144, blocksworld, 424, 0.08558740411788454, 1.0, 0.0
145, childsnack, 10, 0.004655493482309125, 0.0, 0.0
146, childsnack, 10, 0.004655493482309125, 0.0, 0.0
147, childsnack, 10, 0.004655493482309125, 0.0, 0.0
148, childsnack, 10, 0.004655493482309125, 0.0, 0.0
149, childsnack, 10, 0.004655493482309125, 0.0, 0.0
150, childsnack, 10, 0.004655493482309125, 0.0, 0.0
151, childsnack, 10, 0.004655493482309125, 0.0, 0.0
152, childsnack, 10, 0.004655493482309125, 0.0, 0.0
153, childsnack, 10, 0.004655493482309125, 0.0, 0.0
154, childsnack, 10, 0.004655493482309125, 0.0, 0.0
155, childsnack, 50, 0.023277467411545624, 0.08, 0.0
156, childsnack, 48, 0.0223463687150838, 0.12, 0.0
157, childsnack, 40, 0.0186219739292365, 0.0, 0.0
158, childsnack, 46, 0.021415270018621976, 1.0, 0.0
159, childsnack, 47, 0.021880819366852888, 1.0, 0.0
160, childsnack, 50, 0.023277467411545624, 0.12, 0.0
161, childsnack, 50, 0.023277467411545624, 1.0, 0.0
162, childsnack, 48, 0.0223463687150838, 0.08, 0.0
163, childsnack, 44, 0.020484171322160148, 1.0, 0.0
164, childsnack, 47, 0.021880819366852888, 1.0, 0.0
165, childsnack, 100, 0.04655493482309125, 0.12, 0.0
166, childsnack, 90, 0.04189944134078212, 1.0, 0.0
167, childsnack, 98, 0.04562383612662942, 1.0, 0.0
168, childsnack, 96, 0.0446927374301676, 1.0, 0.0
169, childsnack, 97, 0.04515828677839851, 1.0, 0.0
170, childsnack, 100, 0.04655493482309125, 0.12, 0.0
171, childsnack, 98, 0.04562383612662942, 0.12, 0.0
172, childsnack, 94, 0.043761638733705775, 1.0, 0.0
173, childsnack, 100, 0.04655493482309125, 1.0, 0.0
174, childsnack, 100, 0.04655493482309125, 0.0, 0.0
175, childsnack, 18, 0.008379888268156424, 0.4, 0.0
176, childsnack, 11, 0.005121042830540037, 0.4, 0.0
177, childsnack, 20, 0.00931098696461825, 1.0, 0.0
178, childsnack, 18, 0.008379888268156424, 0.4, 0.0
179, childsnack, 20, 0.00931098696461825, 1.0, 0.0
180, childsnack, 20, 0.00931098696461825, 1.0, 0.0
181, childsnack, 15, 0.006983240223463687, 0.12, 0.0
182, childsnack, 15, 0.006983240223463687, 0.12, 0.0
183, childsnack, 20, 0.00931098696461825, 1.0, 0.0
184, childsnack, 88, 0.040968342644320296, 1.0, 0.0
185, childsnack, 95, 0.04422718808193669, 1.0, 0.0
186, childsnack, 85, 0.03957169459962756, 1.0, 0.0
187, childsnack, 82, 0.038175046554934824, 1.0, 0.0
188, childsnack, 88, 0.040968342644320296, 1.0, 0.0
189, childsnack, 95, 0.04422718808193669, 1.0, 0.0
190, childsnack, 79, 0.03677839851024209, 1.0, 0.0
191, childsnack, 81, 0.03770949720670391, 1.0, 0.0
192, childsnack, 100, 0.04655493482309125, 1.0, 0.0
193, childsnack, 88, 0.040968342644320296, 1.0, 0.0
194, childsnack, 165, 0.07681564245810056, 1.0, 0.0
195, childsnack, 179, 0.08333333333333333, 1.0, 0.0
196, childsnack, 181, 0.08426443202979515, 1.0, 0.0
197, childsnack, 161, 0.07495344506517691, 1.0, 0.0
198, childsnack, 169, 0.07867783985102421, 1.0, 0.0
199, childsnack, 180, 0.08379888268156424, 1.0, 0.0
200, childsnack, 186, 0.08659217877094973, 1.0, 0.0
201, childsnack, 159, 0.07402234636871509, 1.0, 0.0
202, childsnack, 191, 0.08891992551210429, 1.0, 0.0
203, childsnack, 186, 0.08659217877094973, 1.0, 0.0
204, childsnack, 18, 0.008379888268156424, 0.4, 0.0
205, childsnack, 24, 0.0111731843575419, 1.0, 0.0
206, childsnack, 18, 0.008379888268156424, 0.4, 0.0
207, childsnack, 30, 0.013966480446927373, 1.0, 0.0
208, childsnack, 21, 0.009776536312849162, 1.0, 0.0
209, childsnack, 30, 0.013966480446927373, 1.0, 0.0
210, childsnack, 18, 0.008379888268156424, 0.4, 0.0
211, childsnack, 24, 0.0111731843575419, 1.0, 0.0
212, childsnack, 30, 0.013966480446927373, 1.0, 0.0
213, childsnack, 21, 0.009776536312849162, 1.0, 0.0
214, childsnack, 108, 0.05027932960893855, 1.0, 0.0
215, childsnack, 117, 0.05446927374301676, 1.0, 0.0
216, childsnack, 99, 0.046089385474860335, 1.0, 0.0
217, childsnack, 123, 0.05726256983240224, 1.0, 0.0
218, childsnack, 100, 0.04655493482309125, 1.0, 0.0
219, childsnack, 85, 0.03957169459962756, 1.0, 0.0
220, childsnack, 129, 0.06005586592178771, 1.0, 0.0
221, childsnack, 117, 0.05446927374301676, 1.0, 0.0
222, childsnack, 92, 0.04283054003724395, 1.0, 0.0
223, childsnack, 111, 0.051675977653631286, 1.0, 0.0
224, childsnack, 230, 0.10707635009310987, 1.0, 0.0
225, childsnack, 209, 0.0972998137802607, 1.0, 0.0
226, childsnack, 249, 0.11592178770949721, 1.0, 0.0
227, childsnack, 199, 0.09264432029795158, 1.0, 0.0
228, childsnack, 166, 0.07728119180633147, 1.0, 0.0
229, childsnack, 199, 0.09264432029795158, 1.0, 0.0
230, childsnack, 235, 0.10940409683426443, 1.0, 0.0
231, childsnack, 211, 0.09823091247672253, 1.0, 0.0
232, childsnack, 217, 0.10102420856610801, 1.0, 0.0
233, childsnack, 226, 0.10521415270018622, 1.0, 0.0
234, childsnack, 33, 0.015363128491620111, 1.0, 0.0
235, childsnack, 18, 0.008379888268156424, 0.4, 0.0
236, childsnack, 27, 0.012569832402234637, 1.0, 0.0
237, childsnack, 27, 0.012569832402234637, 1.0, 0.0
238, childsnack, 33, 0.015363128491620111, 1.0, 0.0
239, childsnack, 27, 0.012569832402234637, 1.0, 0.0
240, childsnack, 27, 0.012569832402234637, 1.0, 0.0
241, childsnack, 24, 0.0111731843575419, 1.0, 0.0
242, childsnack, 33, 0.015363128491620111, 1.0, 0.0
243, childsnack, 24, 0.0111731843575419, 1.0, 0.0
244, childsnack, 111, 0.051675977653631286, 1.0, 0.0
245, childsnack, 123, 0.05726256983240224, 1.0, 0.0
246, childsnack, 103, 0.04795158286778398, 1.0, 0.0
247, childsnack, 102, 0.04748603351955307, 1.0, 0.0
248, childsnack, 90, 0.04189944134078212, 1.0, 0.0
249, childsnack, 99, 0.046089385474860335, 1.0, 0.0
250, childsnack, 117, 0.05446927374301676, 1.0, 0.0
251, childsnack, 144, 0.0670391061452514, 1.0, 0.0
252, childsnack, 98, 0.04562383612662942, 1.0, 0.0
253, childsnack, 93, 0.04329608938547486, 1.0, 0.0
254, childsnack, 234, 0.10893854748603352, 1.0, 0.0
255, childsnack, 152, 0.07076350093109869, 1.0, 0.0
256, childsnack, 174, 0.08100558659217877, 1.0, 0.0
257, childsnack, 204, 0.09497206703910614, 1.0, 0.0
258, childsnack, 173, 0.08054003724394786, 1.0, 0.0
259, childsnack, 206, 0.09590316573556797, 1.0, 0.0
260, childsnack, 227, 0.10567970204841713, 1.0, 0.0
261, childsnack, 225, 0.10474860335195531, 1.0, 0.0
262, childsnack, 216, 0.1005586592178771, 1.0, 0.0
263, childsnack, 247, 0.11499068901303539, 1.0, 0.0
264, childsnack, 21, 0.009776536312849162, 1.0, 0.0
265, childsnack, 15, 0.006983240223463687, 0.12, 0.0
266, childsnack, 33, 0.015363128491620111, 1.0, 0.0
267, childsnack, 24, 0.0111731843575419, 1.0, 0.0
268, childsnack, 21, 0.009776536312849162, 1.0, 0.0
269, childsnack, 27, 0.012569832402234637, 1.0, 0.0
270, childsnack, 27, 0.012569832402234637, 1.0, 0.0
271, childsnack, 30, 0.013966480446927373, 1.0, 0.0
272, childsnack, 30, 0.013966480446927373, 1.0, 0.0
273, childsnack, 15, 0.006983240223463687, 0.12, 0.0
274, childsnack, 110, 0.051210428305400374, 1.0, 0.0
275, childsnack, 144, 0.0670391061452514, 1.0, 0.0
276, childsnack, 105, 0.04888268156424581, 1.0, 0.0
277, childsnack, 86, 0.04003724394785847, 1.0, 0.0
278, childsnack, 115, 0.053538175046554934, 1.0, 0.0
279, childsnack, 113, 0.05260707635009311, 1.0, 0.0
280, childsnack, 114, 0.05307262569832402, 1.0, 0.0
281, childsnack, 98, 0.04562383612662942, 1.0, 0.0
282, childsnack, 75, 0.034916201117318434, 1.0, 0.0
283, childsnack, 108, 0.05027932960893855, 1.0, 0.0
284, childsnack, 269, 0.12523277467411545, 1.0, 0.0
285, childsnack, 179, 0.08333333333333333, 1.0, 0.0
286, childsnack, 215, 0.10009310986964619, 1.0, 0.0
287, childsnack, 213, 0.09916201117318436, 1.0, 0.0
288, childsnack, 191, 0.08891992551210429, 1.0, 0.0
289, childsnack, 225, 0.10474860335195531, 1.0, 0.0
290, childsnack, 201, 0.0935754189944134, 1.0, 0.0
291, childsnack, 223, 0.10381750465549348, 1.0, 0.0
292, childsnack, 235, 0.10940409683426443, 1.0, 0.0
293, childsnack, 177, 0.0824022346368715, 1.0, 0.0
294, ferry, 10, 0.002730748225013654, 1.0, 0.0
295, ferry, 10, 0.002730748225013654, 1.0, 0.0
296, ferry, 10, 0.002730748225013654, 1.0, 0.0
297, ferry, 10, 0.002730748225013654, 1.0, 0.0
298, ferry, 8, 0.002184598580010923, 1.0, 0.0
299, ferry, 10, 0.002730748225013654, 0.1, 0.0
300, ferry, 10, 0.002730748225013654, 1.0, 0.0
301, ferry, 10, 0.002730748225013654, 1.0, 0.0
302, ferry, 10, 0.002730748225013654, 1.0, 0.0
303, ferry, 10, 0.002730748225013654, 0.1, 0.0
304, ferry, 30, 0.008192244675040962, 1.0, 0.0
305, ferry, 50, 0.013653741125068269, 1.0, 0.0
306, ferry, 30, 0.008192244675040962, 1.0, 0.0
307, ferry, 48, 0.013107591480065538, 1.0, 0.0
308, ferry, 40, 0.010922992900054615, 1.0, 0.0
309, ferry, 50, 0.013653741125068269, 1.0, 0.0
310, ferry, 40, 0.010922992900054615, 1.0, 0.0
311, ferry, 48, 0.013107591480065538, 1.0, 0.0
312, ferry, 28, 0.007646095030038231, 1.0, 0.0
313, ferry, 45, 0.012288367012561441, 1.0, 0.0
314, ferry, 100, 0.027307482250136537, 1.0, 0.0
315, ferry, 97, 0.026488257782632443, 1.0, 0.0
316, ferry, 100, 0.027307482250136537, 1.0, 0.0
317, ferry, 100, 0.027307482250136537, 1.0, 0.0
318, ferry, 83, 0.022665210267613325, 1.0, 0.0
319, ferry, 80, 0.02184598580010923, 1.0, 0.0
320, ferry, 97, 0.026488257782632443, 1.0, 0.0
321, ferry, 88, 0.02403058438012015, 1.0, 0.0
322, ferry, 98, 0.026761332605133806, 1.0, 0.0
323, ferry, 88, 0.02403058438012015, 1.0, 0.0
324, ferry, 20, 0.005461496450027308, 1.0, 0.0
325, ferry, 20, 0.005461496450027308, 1.0, 0.0
326, ferry, 20, 0.005461496450027308, 1.0, 0.0
327, ferry, 20, 0.005461496450027308, 1.0, 0.0
328, ferry, 20, 0.005461496450027308, 1.0, 0.0
329, ferry, 20, 0.005461496450027308, 1.0, 0.0
330, ferry, 20, 0.005461496450027308, 1.0, 0.0
331, ferry, 20, 0.005461496450027308, 1.0, 0.0
332, ferry, 20, 0.005461496450027308, 1.0, 0.0
333, ferry, 20, 0.005461496450027308, 1.0, 0.0
334, ferry, 60, 0.016384489350081924, 1.0, 0.0
335, ferry, 68, 0.018569087930092845, 1.0, 0.0
336, ferry, 99, 0.027034407427635174, 1.0, 0.0
337, ferry, 59, 0.016111414527580557, 1.0, 0.0
338, ferry, 75, 0.0204806116876024, 1.0, 0.0
339, ferry, 87, 0.023757509557618788, 1.0, 0.0
340, ferry, 82, 0.02239213544511196, 1.0, 0.0
341, ferry, 55, 0.015019115237575096, 1.0, 0.0
342, ferry, 90, 0.024576734025122882, 1.0, 0.0
343, ferry, 100, 0.027307482250136537, 1.0, 0.0
344, ferry, 183, 0.04997269251774986, 1.0, 0.0
345, ferry, 183, 0.04997269251774986, 1.0, 0.0
346, ferry, 168, 0.045876570180229385, 1.0, 0.0
347, ferry, 174, 0.047515019115237575, 1.0, 0.0
348, ferry, 156, 0.042599672310213, 1.0, 0.0
349, ferry, 187, 0.051064991807755325, 1.0, 0.0
350, ferry, 122, 0.033315128345166575, 1.0, 0.0
351, ferry, 147, 0.04014199890770071, 1.0, 0.0
352, ferry, 109, 0.029765155652648825, 1.0, 0.0
353, ferry, 191, 0.05215729109776079, 1.0, 0.0
354, ferry, 30, 0.008192244675040962, 1.0, 0.0
355, ferry, 30, 0.008192244675040962, 1.0, 0.0
356, ferry, 30, 0.008192244675040962, 1.0, 0.0
357, ferry, 7, 0.0019115237575095577, 1.0, 0.0
358, ferry, 30, 0.008192244675040962, 1.0, 0.0
359, ferry, 8, 0.002184598580010923, 1.0, 0.0
360, ferry, 30, 0.008192244675040962, 1.0, 0.0
361, ferry, 30, 0.008192244675040962, 1.0, 0.0
362, ferry, 30, 0.008192244675040962, 1.0, 0.0
363, ferry, 28, 0.007646095030038231, 1.0, 0.0
364, ferry, 103, 0.028126706717640632, 1.0, 0.0
365, ferry, 101, 0.0275805570726379, 1.0, 0.0
366, ferry, 150, 0.0409612233752048, 1.0, 0.0
367, ferry, 110, 0.030038230475150193, 1.0, 0.0
368, ferry, 142, 0.038776624795193886, 1.0, 0.0
369, ferry, 98, 0.026761332605133806, 1.0, 0.0
370, ferry, 105, 0.028672856362643363, 1.0, 0.0
371, ferry, 120, 0.03276897870016385, 1.0, 0.0
372, ferry, 131, 0.03577280174767886, 1.0, 0.0
373, ferry, 125, 0.034134352812670674, 1.0, 0.0
374, ferry, 252, 0.06881485527034407, 1.0, 0.0
375, ferry, 214, 0.05843801201529219, 1.0, 0.0
376, ferry, 221, 0.06034953577280175, 1.0, 0.0
377, ferry, 263, 0.0718186783178591, 1.0, 0.0
378, ferry, 199, 0.05434188967777171, 1.0, 0.0
379, ferry, 228, 0.0622610595303113, 1.0, 0.0
380, ferry, 243, 0.06635718186783178, 1.0, 0.0
381, ferry, 213, 0.058164937192790825, 1.0, 0.0
382, ferry, 190, 0.05188421627525942, 1.0, 0.0
383, ferry, 214, 0.05843801201529219, 1.0, 0.0
384, ferry, 18, 0.004915346805024577, 1.0, 0.0
385, ferry, 50, 0.013653741125068269, 1.0, 0.0
386, ferry, 50, 0.013653741125068269, 1.0, 0.0
387, ferry, 50, 0.013653741125068269, 1.0, 0.0
388, ferry, 31, 0.008465319497542327, 1.0, 0.0
389, ferry, 35, 0.009557618787547788, 1.0, 0.0
390, ferry, 47, 0.012834516657564172, 1.0, 0.0
391, ferry, 31, 0.008465319497542327, 1.0, 0.0
392, ferry, 32, 0.008738394320043691, 1.0, 0.0
393, ferry, 176, 0.0480611687602403, 1.0, 0.0
394, ferry, 90, 0.024576734025122882, 1.0, 0.0
395, ferry, 175, 0.04778809393773894, 1.0, 0.0
396, ferry, 218, 0.05953031130529765, 1.0, 0.0
397, ferry, 143, 0.03904969961769525, 1.0, 0.0
398, ferry, 164, 0.04478427089022392, 1.0, 0.0
399, ferry, 163, 0.04451119606772255, 1.0, 0.0
400, ferry, 74, 0.020207536865101038, 1.0, 0.0
401, ferry, 190, 0.05188421627525942, 1.0, 0.0
402, ferry, 132, 0.03604587657018023, 1.0, 0.0
403, ferry, 333, 0.09093391589295467, 1.0, 0.0
404, ferry, 302, 0.08246859639541235, 1.0, 0.0
405, ferry, 314, 0.08574549426542873, 1.0, 0.0
406, ferry, 274, 0.07482250136537412, 1.0, 0.0
407, ferry, 315, 0.0860185690879301, 1.0, 0.0
408, ferry, 229, 0.06253413435281267, 1.0, 0.0
409, ferry, 308, 0.08410704533042053, 1.0, 0.0
410, ferry, 294, 0.08028399781540142, 1.0, 0.0
411, ferry, 289, 0.0789186237028946, 1.0, 0.0
412, ferry, 284, 0.07755324959038777, 1.0, 0.0
413, ferry, 47, 0.012834516657564172, 1.0, 0.0
414, ferry, 43, 0.011742217367558712, 1.0, 0.0
415, ferry, 7, 0.0019115237575095577, 1.0, 0.0
416, ferry, 71, 0.019388312397596943, 1.0, 0.0
417, ferry, 16, 0.004369197160021846, 1.0, 0.0
418, ferry, 47, 0.012834516657564172, 1.0, 0.0
419, ferry, 71, 0.019388312397596943, 1.0, 0.0
420, ferry, 43, 0.011742217367558712, 1.0, 0.0
421, ferry, 38, 0.010376843255051884, 1.0, 0.0
422, ferry, 163, 0.04451119606772255, 1.0, 0.0
423, ferry, 152, 0.04150737302020754, 1.0, 0.0
424, ferry, 260, 0.070999453850355, 1.0, 0.0
425, ferry, 284, 0.07755324959038777, 1.0, 0.0
426, ferry, 189, 0.05161114145275805, 1.0, 0.0
427, ferry, 210, 0.05734571272528673, 1.0, 0.0
428, ferry, 173, 0.04724194429273621, 1.0, 0.0
429, ferry, 167, 0.045603495357728015, 1.0, 0.0
430, ferry, 151, 0.04123429819770617, 1.0, 0.0
431, ferry, 179, 0.0488803932277444, 1.0, 0.0
432, ferry, 366, 0.09994538503549973, 1.0, 0.0
433, ferry, 291, 0.07946477334789732, 1.0, 0.0
434, ferry, 286, 0.0780993992353905, 1.0, 0.0
435, ferry, 342, 0.09339158929546695, 1.0, 0.0
436, ferry, 452, 0.12342981977061715, 1.0, 0.0
437, ferry, 341, 0.0931185144729656, 1.0, 0.0
438, ferry, 537, 0.1466411796832332, 1.0, 0.0
439, ferry, 375, 0.10240305843801202, 1.0, 0.0
440, ferry, 361, 0.0985800109229929, 1.0, 0.0
441, ferry, 309, 0.0843801201529219, 1.0, 0.0
442, floortile, 10, 0.0011974613818704347, 0.0, 0.0
443, floortile, 10, 0.0011974613818704347, 0.13636363636363635, 0.0
444, floortile, 10, 0.0011974613818704347, 0.13636363636363635, 0.0
445, floortile, 10, 0.0011974613818704347, 0.13636363636363635, 0.0
446, floortile, 10, 0.0011974613818704347, 0.13636363636363635, 0.0
447, floortile, 10, 0.0011974613818704347, 0.0, 0.0
448, floortile, 10, 0.0011974613818704347, 0.13636363636363635, 0.0
449, floortile, 10, 0.0011974613818704347, 0.13636363636363635, 0.0
450, floortile, 10, 0.0011974613818704347, 0.0, 0.0
451, floortile, 10, 0.0011974613818704347, 0.0, 0.0
452, floortile, 50, 0.005987306909352174, 0.13636363636363635, 0.0
453, floortile, 50, 0.005987306909352174, 0.13636363636363635, 0.0
454, floortile, 50, 0.005987306909352174, 0.13636363636363635, 0.0
455, floortile, 50, 0.005987306909352174, 0.13636363636363635, 0.0
456, floortile, 50, 0.005987306909352174, 0.13636363636363635, 0.0
457, floortile, 48, 0.005747814632978086, 0.13636363636363635, 0.0
458, floortile, 50, 0.005987306909352174, 0.13636363636363635, 0.0
459, floortile, 50, 0.005987306909352174, 0.13636363636363635, 0.0
460, floortile, 50, 0.005987306909352174, 0.13636363636363635, 0.0
461, floortile, 50, 0.005987306909352174, 0.13636363636363635, 0.0
462, floortile, 95, 0.01137588312776913, 0.13636363636363635, 0.0
463, floortile, 100, 0.011974613818704348, 0.13636363636363635, 0.0
464, floortile, 100, 0.011974613818704348, 0.13636363636363635, 0.0
465, floortile, 100, 0.011974613818704348, 0.2727272727272727, 0.0
466, floortile, 97, 0.011615375404143216, 1.0, 0.0
467, floortile, 98, 0.01173512154233026, 0.13636363636363635, 0.0
468, floortile, 95, 0.01137588312776913, 1.0, 0.0
469, floortile, 100, 0.011974613818704348, 0.13636363636363635, 0.0
470, floortile, 100, 0.011974613818704348, 0.2727272727272727, 0.0
471, floortile, 100, 0.011974613818704348, 0.13636363636363635, 0.0
472, floortile, 20, 0.0023949227637408694, 0.13636363636363635, 0.0
473, floortile, 16, 0.0019159382109926954, 0.13636363636363635, 0.0
474, floortile, 20, 0.0023949227637408694, 0.13636363636363635, 0.0
475, floortile, 20, 0.0023949227637408694, 0.13636363636363635, 0.0
476, floortile, 20, 0.0023949227637408694, 0.13636363636363635, 0.0
477, floortile, 20, 0.0023949227637408694, 0.45454545454545453, 0.0
478, floortile, 20, 0.0023949227637408694, 0.13636363636363635, 0.0
479, floortile, 20, 0.0023949227637408694, 0.13636363636363635, 0.0
480, floortile, 20, 0.0023949227637408694, 0.13636363636363635, 0.0
481, floortile, 20, 0.0023949227637408694, 0.13636363636363635, 0.0
482, floortile, 100, 0.011974613818704348, 1.0, 0.0
483, floortile, 96, 0.011495629265956172, 1.0, 0.0
484, floortile, 96, 0.011495629265956172, 1.0, 0.0
485, floortile, 96, 0.011495629265956172, 0.2727272727272727, 0.0
486, floortile, 95, 0.01137588312776913, 0.13636363636363635, 0.0
487, floortile, 100, 0.011974613818704348, 1.0, 0.0
488, floortile, 82, 0.009819183331337564, 0.13636363636363635, 0.0
489, floortile, 75, 0.00898096036402826, 0.13636363636363635, 0.0
490, floortile, 94, 0.011256136989582086, 1.0, 0.0
491, floortile, 94, 0.011256136989582086, 0.13636363636363635, 0.0
492, floortile, 193, 0.02311100467009939, 0.2727272727272727, 0.0
493, floortile, 200, 0.023949227637408695, 0.13636363636363635, 0.0
494, floortile, 182, 0.02179379715004191, 1.0, 0.0
495, floortile, 191, 0.022871512393725302, 1.0, 0.0
496, floortile, 193, 0.02311100467009939, 1.0, 0.0
497, floortile, 200, 0.023949227637408695, 1.0, 0.0
498, floortile, 186, 0.022272781702790085, 1.0, 0.0
499, floortile, 185, 0.022153035564603043, 0.2727272727272727, 0.0
500, floortile, 194, 0.023230750808286432, 1.0, 0.0
501, floortile, 197, 0.023589989222847562, 1.0, 0.0
502, floortile, 30, 0.003592384145611304, 0.13636363636363635, 0.0
503, floortile, 30, 0.003592384145611304, 0.13636363636363635, 0.0
504, floortile, 30, 0.003592384145611304, 0.13636363636363635, 0.0
505, floortile, 16, 0.0019159382109926954, 0.13636363636363635, 0.0
506, floortile, 30, 0.003592384145611304, 0.7727272727272727, 0.0
507, floortile, 30, 0.003592384145611304, 0.7727272727272727, 0.0
508, floortile, 30, 0.003592384145611304, 0.13636363636363635, 0.0
509, floortile, 30, 0.003592384145611304, 0.7727272727272727, 0.0
510, floortile, 30, 0.003592384145611304, 0.13636363636363635, 0.0
511, floortile, 30, 0.003592384145611304, 0.45454545454545453, 0.0
512, floortile, 150, 0.01796192072805652, 1.0, 0.0
513, floortile, 135, 0.016165728655250868, 1.0, 0.0
514, floortile, 150, 0.01796192072805652, 0.13636363636363635, 0.0
515, floortile, 111, 0.013291821338761825, 0.7727272727272727, 0.0
516, floortile, 127, 0.015207759549754521, 1.0, 0.0
517, floortile, 150, 0.01796192072805652, 1.0, 0.0
518, floortile, 150, 0.01796192072805652, 1.0, 0.0
519, floortile, 136, 0.01628547479343791, 0.2727272727272727, 0.0
520, floortile, 133, 0.01592623637887678, 0.13636363636363635, 0.0
521, floortile, 98, 0.01173512154233026, 1.0, 0.0
522, floortile, 300, 0.03592384145611304, 1.0, 0.0
523, floortile, 240, 0.02873907316489043, 1.0, 0.0
524, floortile, 256, 0.030655011375883126, 1.0, 0.0
525, floortile, 258, 0.030894503652257214, 1.0, 0.0
526, floortile, 268, 0.03209196503412765, 0.2727272727272727, 0.0
527, floortile, 260, 0.0311339959286313, 1.0, 0.0
528, floortile, 272, 0.03257094958687582, 0.13636363636363635, 0.0
529, floortile, 258, 0.030894503652257214, 1.0, 0.0
530, floortile, 300, 0.03592384145611304, 1.0, 0.0
531, floortile, 275, 0.032930188001436954, 1.0, 0.0
532, floortile, 17, 0.002035684349179739, 0.13636363636363635, 0.0
533, floortile, 50, 0.005987306909352174, 0.13636363636363635, 0.0
534, floortile, 50, 0.005987306909352174, 0.18181818181818182, 0.0
535, floortile, 50, 0.005987306909352174, 0.13636363636363635, 0.0
536, floortile, 50, 0.005987306909352174, 0.18181818181818182, 0.0
537, floortile, 50, 0.005987306909352174, 0.2727272727272727, 0.0
538, floortile, 16, 0.0019159382109926954, 0.18181818181818182, 0.0
539, floortile, 50, 0.005987306909352174, 0.7727272727272727, 0.0
540, floortile, 50, 0.005987306909352174, 0.18181818181818182, 0.0
541, floortile, 50, 0.005987306909352174, 0.18181818181818182, 0.0
542, floortile, 215, 0.025745419710214344, 1.0, 0.0
543, floortile, 171, 0.020476589629984433, 1.0, 0.0
544, floortile, 165, 0.019758112800862173, 1.0, 0.0
545, floortile, 182, 0.02179379715004191, 1.0, 0.0
546, floortile, 216, 0.02586516584840139, 1.0, 0.0
547, floortile, 215, 0.025745419710214344, 1.0, 0.0
548, floortile, 216, 0.02586516584840139, 1.0, 0.0
549, floortile, 215, 0.025745419710214344, 1.0, 0.0
550, floortile, 208, 0.024907196742905043, 1.0, 0.0
551, floortile, 250, 0.029936534546760867, 1.0, 0.0
552, floortile, 445, 0.05328703149323434, 1.0, 0.0
553, floortile, 399, 0.04777870913663034, 1.0, 0.0
554, floortile, 500, 0.05987306909352173, 1.0, 0.0
555, floortile, 500, 0.05987306909352173, 1.0, 0.0
556, floortile, 355, 0.04250987905640043, 1.0, 0.0
557, floortile, 399, 0.04777870913663034, 1.0, 0.0
558, floortile, 433, 0.05185007783498982, 1.0, 0.0
559, floortile, 433, 0.05185007783498982, 1.0, 0.0
560, floortile, 390, 0.046700993892946956, 1.0, 0.0
561, floortile, 424, 0.05077236259130643, 1.0, 0.0
562, floortile, 64, 0.0076637528439707815, 0.7727272727272727, 0.0
563, floortile, 65, 0.007783498982157825, 0.18181818181818182, 0.0
564, floortile, 100, 0.011974613818704348, 1.0, 0.0
565, floortile, 100, 0.011974613818704348, 1.0, 0.0
566, floortile, 7, 0.0008382229673093043, 0.13636363636363635, 0.0
567, floortile, 6, 0.0007184768291222608, 0.045454545454545456, 0.0
568, floortile, 100, 0.011974613818704348, 0.45454545454545453, 0.0
569, floortile, 100, 0.011974613818704348, 0.7727272727272727, 0.0
570, floortile, 73, 0.008741468087654173, 0.7727272727272727, 0.0
571, floortile, 458, 0.05484373128966591, 1.0, 0.0
572, floortile, 447, 0.05352652376960843, 1.0, 0.0
573, floortile, 480, 0.05747814632978086, 1.0, 0.0
574, floortile, 405, 0.0484971859657526, 1.0, 0.0
575, floortile, 417, 0.04993413962399713, 1.0, 0.0
576, floortile, 321, 0.03843851035804095, 1.0, 0.0
577, floortile, 392, 0.04694048616932104, 0.7727272727272727, 0.0
578, floortile, 381, 0.04562327864926356, 1.0, 0.0
579, floortile, 391, 0.046820740031134, 1.0, 0.0
580, floortile, 430, 0.05149083942042869, 1.0, 0.0
581, floortile, 883, 0.10573584001915938, 1.0, 0.0
582, floortile, 745, 0.08921087294934739, 1.0, 0.0
583, floortile, 459, 0.05496347742785295, 1.0, 0.0
584, floortile, 803, 0.0961561489641959, 1.0, 0.0
585, floortile, 697, 0.0834630583163693, 1.0, 0.0
586, floortile, 876, 0.10489761705185008, 1.0, 0.0
587, floortile, 855, 0.10238294814992216, 1.0, 0.0
588, floortile, 869, 0.10405939408454078, 1.0, 0.0
589, floortile, 913, 0.10932822416477068, 1.0, 0.0
590, floortile, 704, 0.0843012812836786, 1.0, 0.0
591, miconic, 10, 0.006134969325153374, 0.9629629629629629, 0.0
592, miconic, 10, 0.006134969325153374, 1.0, 0.0
593, miconic, 10, 0.006134969325153374, 0.9629629629629629, 0.0
594, miconic, 10, 0.006134969325153374, 1.0, 0.0
595, miconic, 10, 0.006134969325153374, 0.9629629629629629, 0.0
596, miconic, 10, 0.006134969325153374, 0.9629629629629629, 0.0
597, miconic, 10, 0.006134969325153374, 0.9629629629629629, 0.0
598, miconic, 10, 0.006134969325153374, 0.9629629629629629, 0.0
599, miconic, 10, 0.006134969325153374, 0.9629629629629629, 0.0
600, miconic, 10, 0.006134969325153374, 0.9629629629629629, 0.0
601, miconic, 40, 0.024539877300613498, 1.0, 0.0
602, miconic, 40, 0.024539877300613498, 0.9629629629629629, 0.0
603, miconic, 30, 0.018404907975460124, 0.9629629629629629, 0.0
604, miconic, 27, 0.016564417177914112, 0.9629629629629629, 0.0
605, miconic, 47, 0.02883435582822086, 0.9629629629629629, 0.0
606, miconic, 40, 0.024539877300613498, 0.9629629629629629, 0.0
607, miconic, 38, 0.023312883435582823, 1.0, 0.0
608, miconic, 40, 0.024539877300613498, 1.0, 0.0
609, miconic, 43, 0.02638036809815951, 1.0, 0.0
610, miconic, 40, 0.024539877300613498, 0.9629629629629629, 0.0
611, miconic, 54, 0.033128834355828224, 1.0, 0.0
612, miconic, 73, 0.04478527607361963, 0.9629629629629629, 0.0
613, miconic, 67, 0.041104294478527606, 1.0, 0.0
614, miconic, 90, 0.05521472392638037, 1.0, 0.0
615, miconic, 68, 0.04171779141104295, 1.0, 0.0
616, miconic, 83, 0.050920245398773004, 1.0, 0.0
617, miconic, 93, 0.05705521472392638, 1.0, 0.0
618, miconic, 78, 0.04785276073619632, 1.0, 0.0
619, miconic, 73, 0.04478527607361963, 1.0, 0.0
620, miconic, 95, 0.05828220858895705, 1.0, 0.0
621, miconic, 20, 0.012269938650306749, 0.9629629629629629, 0.0
622, miconic, 15, 0.009202453987730062, 0.9629629629629629, 0.0
623, miconic, 6, 0.0036809815950920245, 0.9629629629629629, 0.0
624, miconic, 16, 0.0098159509202454, 0.9629629629629629, 0.0
625, miconic, 20, 0.012269938650306749, 0.9629629629629629, 0.0
626, miconic, 17, 0.010429447852760737, 0.9629629629629629, 0.0
627, miconic, 20, 0.012269938650306749, 1.0, 0.0
628, miconic, 8, 0.0049079754601227, 0.037037037037037035, 0.0
629, miconic, 14, 0.008588957055214725, 0.9629629629629629, 0.0
630, miconic, 20, 0.012269938650306749, 0.9629629629629629, 0.0
631, miconic, 46, 0.02822085889570552, 0.9629629629629629, 0.0
632, miconic, 40, 0.024539877300613498, 1.0, 0.0
633, miconic, 56, 0.0343558282208589, 1.0, 0.0
634, miconic, 43, 0.02638036809815951, 1.0, 0.0
635, miconic, 76, 0.046625766871165646, 1.0, 0.0
636, miconic, 37, 0.022699386503067485, 0.9629629629629629, 0.0
637, miconic, 58, 0.03558282208588957, 1.0, 0.0
638, miconic, 49, 0.030061349693251534, 1.0, 0.0
639, miconic, 43, 0.02638036809815951, 1.0, 0.0
640, miconic, 52, 0.03190184049079755, 1.0, 0.0
641, miconic, 115, 0.0705521472392638, 0.9629629629629629, 0.0
642, miconic, 157, 0.09631901840490797, 1.0, 0.0
643, miconic, 129, 0.07914110429447853, 1.0, 0.0
644, miconic, 134, 0.08220858895705521, 1.0, 0.0
645, miconic, 150, 0.09202453987730061, 1.0, 0.0
646, miconic, 154, 0.09447852760736196, 1.0, 0.0
647, miconic, 92, 0.05644171779141104, 1.0, 0.0
648, miconic, 119, 0.07300613496932515, 1.0, 0.0
649, miconic, 113, 0.06932515337423313, 1.0, 0.0
650, miconic, 118, 0.07239263803680981, 1.0, 0.0
651, miconic, 13, 0.007975460122699387, 0.9629629629629629, 0.0
652, miconic, 15, 0.009202453987730062, 1.0, 0.0
653, miconic, 20, 0.012269938650306749, 0.9629629629629629, 0.0
654, miconic, 28, 0.01717791411042945, 1.0, 0.0
655, miconic, 13, 0.007975460122699387, 0.9629629629629629, 0.0
656, miconic, 8, 0.0049079754601227, 0.3333333333333333, 0.0
657, miconic, 29, 0.017791411042944787, 1.0, 0.0
658, miconic, 30, 0.018404907975460124, 0.9629629629629629, 0.0
659, miconic, 20, 0.012269938650306749, 0.9629629629629629, 0.0
660, miconic, 24, 0.014723926380368098, 1.0, 0.0
661, miconic, 89, 0.05460122699386503, 1.0, 0.0
662, miconic, 76, 0.046625766871165646, 1.0, 0.0
663, miconic, 59, 0.03619631901840491, 1.0, 0.0
664, miconic, 37, 0.022699386503067485, 0.9629629629629629, 0.0
665, miconic, 82, 0.05030674846625767, 1.0, 0.0
666, miconic, 90, 0.05521472392638037, 1.0, 0.0
667, miconic, 51, 0.03128834355828221, 0.9629629629629629, 0.0
668, miconic, 76, 0.046625766871165646, 1.0, 0.0
669, miconic, 91, 0.0558282208588957, 1.0, 0.0
670, miconic, 95, 0.05828220858895705, 0.9629629629629629, 0.0
671, miconic, 153, 0.09386503067484663, 0.9629629629629629, 0.0
672, miconic, 236, 0.14478527607361963, 1.0, 0.0
673, miconic, 156, 0.09570552147239264, 1.0, 0.0
674, miconic, 156, 0.09570552147239264, 1.0, 0.0
675, miconic, 199, 0.12208588957055215, 1.0, 0.0
676, miconic, 143, 0.08773006134969324, 1.0, 0.0
677, miconic, 91, 0.0558282208588957, 1.0, 0.0
678, miconic, 109, 0.06687116564417178, 1.0, 0.0
679, miconic, 92, 0.05644171779141104, 1.0, 0.0
680, miconic, 189, 0.11595092024539877, 1.0, 0.0
681, miconic, 22, 0.013496932515337423, 0.9629629629629629, 0.0
682, miconic, 10, 0.006134969325153374, 0.9629629629629629, 0.0
683, miconic, 17, 0.010429447852760737, 0.9629629629629629, 0.0
684, miconic, 20, 0.012269938650306749, 0.9629629629629629, 0.0
685, miconic, 10, 0.006134969325153374, 0.9629629629629629, 0.0
686, miconic, 6, 0.0036809815950920245, 0.9629629629629629, 0.0
687, miconic, 26, 0.015950920245398775, 0.9629629629629629, 0.0
688, miconic, 26, 0.015950920245398775, 0.9629629629629629, 0.0
689, miconic, 98, 0.06012269938650307, 0.9629629629629629, 0.0
690, miconic, 117, 0.07177914110429448, 1.0, 0.0
691, miconic, 80, 0.049079754601226995, 1.0, 0.0
692, miconic, 59, 0.03619631901840491, 0.9629629629629629, 0.0
693, miconic, 54, 0.033128834355828224, 1.0, 0.0
694, miconic, 91, 0.0558282208588957, 1.0, 0.0
695, miconic, 62, 0.03803680981595092, 1.0, 0.0
696, miconic, 53, 0.03251533742331288, 0.9629629629629629, 0.0
697, miconic, 65, 0.03987730061349693, 0.9629629629629629, 0.0
698, miconic, 97, 0.05950920245398773, 1.0, 0.0
699, miconic, 143, 0.08773006134969324, 1.0, 0.0
700, miconic, 137, 0.08404907975460123, 1.0, 0.0
701, miconic, 150, 0.09202453987730061, 1.0, 0.0
702, miconic, 182, 0.1116564417177914, 1.0, 0.0
703, miconic, 133, 0.08159509202453988, 1.0, 0.0
704, miconic, 149, 0.09141104294478528, 1.0, 0.0
705, miconic, 175, 0.10736196319018405, 1.0, 0.0
706, miconic, 159, 0.09754601226993866, 1.0, 0.0
707, miconic, 148, 0.09079754601226994, 1.0, 0.0
708, miconic, 163, 0.1, 1.0, 0.0
709, miconic, 6, 0.0036809815950920245, 0.9629629629629629, 0.0
710, miconic, 15, 0.009202453987730062, 0.9629629629629629, 0.0
711, miconic, 6, 0.0036809815950920245, 0.9629629629629629, 0.0
712, miconic, 13, 0.007975460122699387, 0.9629629629629629, 0.0
713, miconic, 16, 0.0098159509202454, 0.9629629629629629, 0.0
714, miconic, 35, 0.02147239263803681, 0.9629629629629629, 0.0
715, miconic, 7, 0.004294478527607362, 0.9629629629629629, 0.0
716, miconic, 23, 0.01411042944785276, 1.0, 0.0
717, miconic, 14, 0.008588957055214725, 1.0, 0.0
718, miconic, 8, 0.0049079754601227, 1.0, 0.0
719, miconic, 93, 0.05705521472392638, 0.9629629629629629, 0.0
720, miconic, 63, 0.03865030674846626, 0.9629629629629629, 0.0
721, miconic, 108, 0.06625766871165645, 1.0, 0.0
722, miconic, 108, 0.06625766871165645, 1.0, 0.0
723, miconic, 69, 0.04233128834355828, 1.0, 0.0
724, miconic, 73, 0.04478527607361963, 1.0, 0.0
725, miconic, 46, 0.02822085889570552, 1.0, 0.0
726, miconic, 101, 0.06196319018404908, 0.9629629629629629, 0.0
727, miconic, 100, 0.06134969325153374, 1.0, 0.0
728, miconic, 37, 0.022699386503067485, 1.0, 0.0
729, miconic, 202, 0.12392638036809817, 1.0, 0.0
730, miconic, 131, 0.0803680981595092, 1.0, 0.0
731, miconic, 126, 0.07730061349693251, 1.0, 0.0
732, miconic, 162, 0.09938650306748466, 1.0, 0.0
733, miconic, 133, 0.08159509202453988, 0.9629629629629629, 0.0
734, miconic, 197, 0.12085889570552147, 1.0, 0.0
735, miconic, 132, 0.08098159509202454, 1.0, 0.0
736, miconic, 180, 0.11042944785276074, 1.0, 0.0
737, miconic, 194, 0.11901840490797547, 1.0, 0.0
738, miconic, 140, 0.08588957055214724, 1.0, 0.0
739, satellite, 10, 0.0003714848248449051, 0.0, 0.0
740, satellite, 9, 0.00033433634236041456, 0.058823529411764705, 0.0
741, satellite, 10, 0.0003714848248449051, 0.0, 0.0
742, satellite, 10, 0.0003714848248449051, 0.0, 0.0
743, satellite, 10, 0.0003714848248449051, 0.0, 0.0
744, satellite, 10, 0.0003714848248449051, 0.058823529411764705, 0.0
745, satellite, 10, 0.0003714848248449051, 0.0, 0.0
746, satellite, 10, 0.0003714848248449051, 0.0, 0.0
747, satellite, 10, 0.0003714848248449051, 0.0, 0.0
748, satellite, 10, 0.0003714848248449051, 0.0, 0.0
749, satellite, 50, 0.0018574241242245255, 0.0, 0.0
750, satellite, 50, 0.0018574241242245255, 0.0, 0.0
751, satellite, 50, 0.0018574241242245255, 0.17647058823529413, 0.0
752, satellite, 50, 0.0018574241242245255, 0.058823529411764705, 0.0
753, satellite, 50, 0.0018574241242245255, 0.0, 0.0
754, satellite, 50, 0.0018574241242245255, 0.0, 0.0
755, satellite, 50, 0.0018574241242245255, 0.058823529411764705, 0.0
756, satellite, 46, 0.0017088301942865633, 0.058823529411764705, 0.0
757, satellite, 49, 0.001820275641740035, 0.058823529411764705, 0.0
758, satellite, 50, 0.0018574241242245255, 0.0, 0.0
759, satellite, 99, 0.0036776997659645604, 0.058823529411764705, 0.0
760, satellite, 99, 0.0036776997659645604, 1.0, 0.0
761, satellite, 100, 0.003714848248449051, 0.0, 0.0
762, satellite, 97, 0.0036034028009955792, 0.058823529411764705, 0.0
763, satellite, 100, 0.003714848248449051, 1.0, 0.0
764, satellite, 100, 0.003714848248449051, 0.058823529411764705, 0.0
765, satellite, 99, 0.0036776997659645604, 1.0, 0.0
766, satellite, 100, 0.003714848248449051, 1.0, 0.0
767, satellite, 100, 0.003714848248449051, 1.0, 0.0
768, satellite, 96, 0.0035662543185110886, 0.058823529411764705, 0.0
769, satellite, 20, 0.0007429696496898102, 0.17647058823529413, 0.0
770, satellite, 20, 0.0007429696496898102, 0.17647058823529413, 0.0
771, satellite, 20, 0.0007429696496898102, 0.17647058823529413, 0.0
772, satellite, 20, 0.0007429696496898102, 0.0, 0.0
773, satellite, 15, 0.0005572272372673577, 0.17647058823529413, 0.0
774, satellite, 20, 0.0007429696496898102, 0.0, 0.0
775, satellite, 20, 0.0007429696496898102, 0.17647058823529413, 0.0
776, satellite, 20, 0.0007429696496898102, 0.0, 0.0
777, satellite, 20, 0.0007429696496898102, 0.0, 0.0
778, satellite, 20, 0.0007429696496898102, 0.17647058823529413, 0.0
779, satellite, 100, 0.003714848248449051, 1.0, 0.0
780, satellite, 89, 0.0033062149411196553, 0.17647058823529413, 0.0
781, satellite, 95, 0.0035291058360265985, 0.17647058823529413, 0.0
782, satellite, 100, 0.003714848248449051, 1.0, 0.0
783, satellite, 100, 0.003714848248449051, 1.0, 0.0
784, satellite, 100, 0.003714848248449051, 0.17647058823529413, 0.0
785, satellite, 95, 0.0035291058360265985, 1.0, 0.0
786, satellite, 100, 0.003714848248449051, 1.0, 0.0
787, satellite, 100, 0.003714848248449051, 0.17647058823529413, 0.0
788, satellite, 86, 0.0031947694936661835, 0.17647058823529413, 0.0
789, satellite, 184, 0.006835320777146253, 1.0, 0.0
790, satellite, 190, 0.007058211672053197, 1.0, 0.0
791, satellite, 199, 0.0073925480144136115, 1.0, 0.0
792, satellite, 189, 0.007021063189568706, 1.0, 0.0
793, satellite, 195, 0.007243954084475649, 1.0, 0.0
794, satellite, 184, 0.006835320777146253, 0.17647058823529413, 0.0
795, satellite, 200, 0.007429696496898102, 1.0, 0.0
796, satellite, 200, 0.007429696496898102, 1.0, 0.0
797, satellite, 195, 0.007243954084475649, 1.0, 0.0
798, satellite, 200, 0.007429696496898102, 1.0, 0.0
799, satellite, 30, 0.0011144544745347153, 1.0, 0.0
800, satellite, 30, 0.0011144544745347153, 0.17647058823529413, 0.0
801, satellite, 30, 0.0011144544745347153, 0.17647058823529413, 0.0
802, satellite, 30, 0.0011144544745347153, 0.17647058823529413, 0.0
803, satellite, 30, 0.0011144544745347153, 0.17647058823529413, 0.0
804, satellite, 30, 0.0011144544745347153, 1.0, 0.0
805, satellite, 30, 0.0011144544745347153, 1.0, 0.0
806, satellite, 30, 0.0011144544745347153, 0.17647058823529413, 0.0
807, satellite, 30, 0.0011144544745347153, 0.0, 0.0
808, satellite, 30, 0.0011144544745347153, 1.0, 0.0
809, satellite, 150, 0.0055722723726735765, 1.0, 0.0
810, satellite, 126, 0.004680708793045804, 1.0, 0.0
811, satellite, 128, 0.004755005758014785, 0.17647058823529413, 0.0
812, satellite, 135, 0.0050150451354062184, 1.0, 0.0
813, satellite, 135, 0.0050150451354062184, 1.0, 0.0
814, satellite, 135, 0.0050150451354062184, 1.0, 0.0
815, satellite, 150, 0.0055722723726735765, 1.0, 0.0
816, satellite, 140, 0.0052007875478286714, 1.0, 0.0
817, satellite, 150, 0.0055722723726735765, 1.0, 0.0
818, satellite, 150, 0.0055722723726735765, 1.0, 0.0
819, satellite, 252, 0.009361417586091608, 1.0, 0.0
820, satellite, 258, 0.009584308480998551, 1.0, 0.0
821, satellite, 268, 0.009955793305843456, 1.0, 0.0
822, satellite, 300, 0.011144544745347153, 1.0, 0.0
823, satellite, 300, 0.011144544745347153, 1.0, 0.0
824, satellite, 278, 0.010327278130688362, 1.0, 0.0
825, satellite, 300, 0.011144544745347153, 1.0, 0.0
826, satellite, 300, 0.011144544745347153, 1.0, 0.0
827, satellite, 285, 0.010587317508079794, 1.0, 0.0
828, satellite, 300, 0.011144544745347153, 1.0, 0.0
829, satellite, 50, 0.0018574241242245255, 1.0, 0.0
830, satellite, 15, 0.0005572272372673577, 1.0, 0.0
831, satellite, 50, 0.0018574241242245255, 0.17647058823529413, 0.0
832, satellite, 50, 0.0018574241242245255, 1.0, 0.0
833, satellite, 44, 0.0016345332293175824, 1.0, 0.0
834, satellite, 15, 0.0005572272372673577, 1.0, 0.0
835, satellite, 44, 0.0016345332293175824, 1.0, 0.0
836, satellite, 50, 0.0018574241242245255, 1.0, 0.0
837, satellite, 50, 0.0018574241242245255, 1.0, 0.0
838, satellite, 35, 0.0013001968869571679, 0.17647058823529413, 0.0
839, satellite, 177, 0.00657528139975482, 1.0, 0.0
840, satellite, 209, 0.0077640328392585166, 1.0, 0.0
841, satellite, 180, 0.006686726847208292, 1.0, 0.0
842, satellite, 209, 0.0077640328392585166, 1.0, 0.0
843, satellite, 198, 0.007355399531929121, 1.0, 0.0
844, satellite, 220, 0.008172666146587912, 1.0, 0.0
845, satellite, 250, 0.009287120621122627, 1.0, 0.0
846, satellite, 215, 0.00798692373416546, 1.0, 0.0
847, satellite, 250, 0.009287120621122627, 1.0, 0.0
848, satellite, 250, 0.009287120621122627, 1.0, 0.0
849, satellite, 494, 0.01835135034733831, 1.0, 0.0
850, satellite, 500, 0.018574241242245253, 1.0, 0.0
851, satellite, 500, 0.018574241242245253, 1.0, 0.0
852, satellite, 400, 0.014859392993796204, 1.0, 0.0
853, satellite, 426, 0.015825253538392956, 1.0, 0.0
854, satellite, 500, 0.018574241242245253, 1.0, 0.0
855, satellite, 470, 0.01745978676771054, 1.0, 0.0
856, satellite, 469, 0.01742263828522605, 1.0, 0.0
857, satellite, 450, 0.01671681711802073, 1.0, 0.0
858, satellite, 454, 0.01686541104795869, 1.0, 0.0
859, satellite, 100, 0.003714848248449051, 1.0, 0.0
860, satellite, 100, 0.003714848248449051, 1.0, 0.0
861, satellite, 100, 0.003714848248449051, 1.0, 0.0
862, satellite, 100, 0.003714848248449051, 1.0, 0.0
863, satellite, 100, 0.003714848248449051, 1.0, 0.0
864, satellite, 100, 0.003714848248449051, 1.0, 0.0
865, satellite, 9, 0.00033433634236041456, 0.058823529411764705, 0.0
866, satellite, 68, 0.0025260968089453545, 1.0, 0.0
867, satellite, 95, 0.0035291058360265985, 1.0, 0.0
868, satellite, 100, 0.003714848248449051, 1.0, 0.0
869, satellite, 486, 0.01805416248746239, 1.0, 0.0
870, satellite, 403, 0.014970838441249674, 1.0, 0.0
871, satellite, 414, 0.01537947174857907, 1.0, 0.0
872, satellite, 448, 0.01664252015305175, 1.0, 0.0
873, satellite, 272, 0.010104387235781418, 1.0, 0.0
874, satellite, 483, 0.017942717040008917, 1.0, 0.0
875, satellite, 405, 0.015045135406218655, 1.0, 0.0
876, satellite, 454, 0.01686541104795869, 1.0, 0.0
877, satellite, 271, 0.010067238753296927, 1.0, 0.0
878, satellite, 419, 0.015565214161001524, 1.0, 0.0
879, satellite, 768, 0.02853003454808871, 1.0, 0.0
880, satellite, 967, 0.035922582562502324, 1.0, 0.0
881, satellite, 948, 0.035216761395297, 1.0, 0.0
882, satellite, 847, 0.03146476466436346, 1.0, 0.0
883, satellite, 796, 0.029570192057654446, 1.0, 0.0
884, satellite, 1000, 0.03714848248449051, 1.0, 0.0
885, satellite, 843, 0.0313161707344255, 1.0, 0.0
886, satellite, 608, 0.02258627735057023, 1.0, 0.0
887, satellite, 909, 0.03376797057840187, 1.0, 0.0
888, satellite, 894, 0.03321074334113452, 1.0, 0.0
889, sokoban, 10, 0.004128819157720892, 0.6666666666666666, 0.0
890, sokoban, 10, 0.004128819157720892, 0.3333333333333333, 0.0
891, sokoban, 10, 0.004128819157720892, 0.7777777777777778, 0.0
892, sokoban, 8, 0.0033030553261767133, 0.3333333333333333, 0.0
893, sokoban, 10, 0.004128819157720892, 0.6666666666666666, 0.0
894, sokoban, 10, 0.004128819157720892, 0.3333333333333333, 0.0
895, sokoban, 10, 0.004128819157720892, 0.7777777777777778, 0.0
896, sokoban, 10, 0.004128819157720892, 0.3333333333333333, 0.0
897, sokoban, 10, 0.004128819157720892, 0.6666666666666666, 0.0
898, sokoban, 10, 0.004128819157720892, 0.3333333333333333, 0.0
899, sokoban, 46, 0.018992568125516102, 1.0, 0.0
900, sokoban, 47, 0.019405450041288193, 1.0, 0.0
901, sokoban, 40, 0.016515276630883566, 0.3333333333333333, 0.0
902, sokoban, 46, 0.018992568125516102, 0.6666666666666666, 0.0
903, sokoban, 50, 0.02064409578860446, 1.0, 0.0
904, sokoban, 48, 0.01981833195706028, 1.0, 0.0
905, sokoban, 40, 0.016515276630883566, 1.0, 0.0
906, sokoban, 46, 0.018992568125516102, 1.0, 0.0
907, sokoban, 50, 0.02064409578860446, 0.3333333333333333, 0.0
908, sokoban, 48, 0.01981833195706028, 0.3333333333333333, 0.0
909, sokoban, 82, 0.033856317093311314, 1.0, 0.0
910, sokoban, 98, 0.04046242774566474, 0.6666666666666666, 0.0
911, sokoban, 98, 0.04046242774566474, 1.0, 0.0
912, sokoban, 87, 0.035920726672171756, 1.0, 0.0
913, sokoban, 98, 0.04046242774566474, 1.0, 0.0
914, sokoban, 90, 0.037159372419488024, 1.0, 0.0
915, sokoban, 97, 0.040049545829892653, 0.6666666666666666, 0.0
916, sokoban, 85, 0.03509496284062758, 1.0, 0.0
917, sokoban, 84, 0.03468208092485549, 1.0, 0.0
918, sokoban, 85, 0.03509496284062758, 0.6666666666666666, 0.0
919, sokoban, 13, 0.0053674649050371595, 0.3333333333333333, 0.0
920, sokoban, 20, 0.008257638315441783, 1.0, 0.0
921, sokoban, 20, 0.008257638315441783, 0.6666666666666666, 0.0
922, sokoban, 20, 0.008257638315441783, 0.6666666666666666, 0.0
923, sokoban, 20, 0.008257638315441783, 0.6666666666666666, 0.0
924, sokoban, 7, 0.002890173410404624, 0.3333333333333333, 0.0
925, sokoban, 20, 0.008257638315441783, 0.6666666666666666, 0.0
926, sokoban, 11, 0.004541701073492981, 0.6666666666666666, 0.0
927, sokoban, 11, 0.004541701073492981, 0.3333333333333333, 0.0
928, sokoban, 77, 0.031791907514450865, 1.0, 0.0
929, sokoban, 100, 0.04128819157720892, 1.0, 0.0
930, sokoban, 89, 0.03674649050371594, 0.6666666666666666, 0.0
931, sokoban, 86, 0.03550784475639967, 1.0, 0.0
932, sokoban, 91, 0.03757225433526012, 1.0, 0.0
933, sokoban, 95, 0.03922378199834847, 1.0, 0.0
934, sokoban, 70, 0.028901734104046242, 1.0, 0.0
935, sokoban, 74, 0.0305532617671346, 1.0, 0.0
936, sokoban, 89, 0.03674649050371594, 1.0, 0.0
937, sokoban, 68, 0.028075970272502065, 1.0, 0.0
938, sokoban, 125, 0.051610239471511145, 1.0, 0.0
939, sokoban, 158, 0.06523534269199009, 1.0, 0.0
940, sokoban, 135, 0.05573905862923204, 1.0, 0.0
941, sokoban, 175, 0.07225433526011561, 1.0, 0.0
942, sokoban, 145, 0.05986787778695293, 1.0, 0.0
943, sokoban, 139, 0.0573905862923204, 1.0, 0.0
944, sokoban, 140, 0.057803468208092484, 1.0, 0.0
945, sokoban, 172, 0.07101568951279934, 1.0, 0.0
946, sokoban, 153, 0.06317093311312964, 1.0, 0.0
947, sokoban, 188, 0.07762180016515277, 1.0, 0.0
948, sokoban, 16, 0.006606110652353427, 0.3333333333333333, 0.0
949, sokoban, 11, 0.004541701073492981, 0.6666666666666666, 0.0
950, sokoban, 8, 0.0033030553261767133, 0.6666666666666666, 0.0
951, sokoban, 30, 0.012386457473162676, 1.0, 0.0
952, sokoban, 30, 0.012386457473162676, 0.6666666666666666, 0.0
953, sokoban, 16, 0.006606110652353427, 0.3333333333333333, 0.0
954, sokoban, 8, 0.0033030553261767133, 0.1111111111111111, 0.0
955, sokoban, 11, 0.004541701073492981, 0.3333333333333333, 0.0
956, sokoban, 22, 0.009083402146985962, 1.0, 0.0
957, sokoban, 97, 0.040049545829892653, 1.0, 0.0
958, sokoban, 102, 0.042113955408753095, 1.0, 0.0
959, sokoban, 71, 0.029314616019818333, 1.0, 0.0
960, sokoban, 112, 0.046242774566473986, 1.0, 0.0
961, sokoban, 49, 0.02023121387283237, 1.0, 0.0
962, sokoban, 120, 0.0495458298926507, 1.0, 0.0
963, sokoban, 121, 0.04995871180842279, 1.0, 0.0
964, sokoban, 110, 0.04541701073492981, 1.0, 0.0
965, sokoban, 101, 0.04170107349298101, 1.0, 0.0
966, sokoban, 85, 0.03509496284062758, 0.6666666666666666, 0.0
967, sokoban, 224, 0.09248554913294797, 1.0, 0.0
968, sokoban, 247, 0.10198183319570603, 1.0, 0.0
969, sokoban, 169, 0.06977704376548308, 1.0, 0.0
970, sokoban, 180, 0.07431874483897605, 1.0, 0.0
971, sokoban, 173, 0.07142857142857142, 1.0, 0.0
972, sokoban, 187, 0.07720891824938067, 1.0, 0.0
973, sokoban, 173, 0.07142857142857142, 1.0, 0.0
974, sokoban, 158, 0.06523534269199009, 1.0, 0.0
975, sokoban, 196, 0.08092485549132948, 1.0, 0.0
976, sokoban, 244, 0.10074318744838975, 1.0, 0.0
977, sokoban, 50, 0.02064409578860446, 1.0, 0.0
978, sokoban, 11, 0.004541701073492981, 0.3333333333333333, 0.0
979, sokoban, 35, 0.014450867052023121, 1.0, 0.0
980, sokoban, 43, 0.017753922378199834, 1.0, 0.0
981, sokoban, 40, 0.016515276630883566, 1.0, 0.0
982, sokoban, 11, 0.004541701073492981, 0.6666666666666666, 0.0
983, sokoban, 8, 0.0033030553261767133, 0.3333333333333333, 0.0
984, sokoban, 15, 0.006193228736581338, 0.6666666666666666, 0.0
985, sokoban, 11, 0.004541701073492981, 0.6666666666666666, 0.0
986, sokoban, 50, 0.02064409578860446, 0.6666666666666666, 0.0
987, sokoban, 125, 0.051610239471511145, 1.0, 0.0
988, sokoban, 93, 0.03839801816680429, 1.0, 0.0
989, sokoban, 137, 0.056564822460776217, 1.0, 0.0
990, sokoban, 124, 0.05119735755573906, 1.0, 0.0
991, sokoban, 62, 0.02559867877786953, 1.0, 0.0
992, sokoban, 104, 0.042939719240297276, 1.0, 0.0
993, sokoban, 131, 0.05408753096614368, 1.0, 0.0
994, sokoban, 94, 0.038810900082576386, 1.0, 0.0
995, sokoban, 122, 0.05037159372419488, 1.0, 0.0
996, sokoban, 57, 0.023534269199009084, 1.0, 0.0
997, sokoban, 183, 0.07555739058629232, 1.0, 0.0
998, sokoban, 286, 0.1180842279108175, 1.0, 0.0
999, sokoban, 159, 0.06564822460776218, 1.0, 0.0
1000, sokoban, 250, 0.10322047894302229, 1.0, 0.0
1001, sokoban, 315, 0.13005780346820808, 1.0, 0.0
1002, sokoban, 252, 0.10404624277456648, 1.0, 0.0
1003, sokoban, 222, 0.0916597853014038, 1.0, 0.0
1004, sokoban, 218, 0.09000825763831544, 1.0, 0.0
1005, sokoban, 173, 0.07142857142857142, 1.0, 0.0
1006, sokoban, 144, 0.05945499587118084, 1.0, 0.0
1007, sokoban, 11, 0.004541701073492981, 0.6666666666666666, 0.0
1008, sokoban, 16, 0.006606110652353427, 0.3333333333333333, 0.0
1009, sokoban, 12, 0.00495458298926507, 0.3333333333333333, 0.0
1010, sokoban, 67, 0.027663088356729974, 1.0, 0.0
1011, sokoban, 11, 0.004541701073492981, 0.6666666666666666, 0.0
1012, sokoban, 12, 0.00495458298926507, 0.3333333333333333, 0.0
1013, sokoban, 8, 0.0033030553261767133, 0.1111111111111111, 0.0
1014, sokoban, 8, 0.0033030553261767133, 0.1111111111111111, 0.0
1015, sokoban, 14, 0.005780346820809248, 1.0, 0.0
1016, sokoban, 174, 0.07184145334434351, 1.0, 0.0
1017, sokoban, 97, 0.040049545829892653, 1.0, 0.0
1018, sokoban, 100, 0.04128819157720892, 1.0, 0.0
1019, sokoban, 89, 0.03674649050371594, 1.0, 0.0
1020, sokoban, 92, 0.037985136251032205, 0.6666666666666666, 0.0
1021, sokoban, 141, 0.05821635012386457, 1.0, 0.0
1022, sokoban, 118, 0.04872006606110652, 1.0, 0.0
1023, sokoban, 189, 0.07803468208092486, 1.0, 0.0
1024, sokoban, 127, 0.052436003303055326, 1.0, 0.0
1025, sokoban, 125, 0.051610239471511145, 1.0, 0.0
1026, sokoban, 277, 0.11436829066886871, 1.0, 0.0
1027, sokoban, 223, 0.09207266721717589, 1.0, 0.0
1028, sokoban, 229, 0.09454995871180842, 1.0, 0.0
1029, sokoban, 174, 0.07184145334434351, 1.0, 0.0
1030, sokoban, 220, 0.09083402146985962, 1.0, 0.0
1031, sokoban, 318, 0.13129644921552436, 1.0, 0.0
1032, sokoban, 252, 0.10404624277456648, 1.0, 0.0
1033, sokoban, 230, 0.09496284062758051, 1.0, 0.0
1034, sokoban, 291, 0.12014863748967795, 1.0, 0.0
1035, sokoban, 313, 0.1292320396366639, 1.0, 0.0
1036, spanner, 10, 0.007062146892655367, 0.0, 0.0
1037, spanner, 10, 0.007062146892655367, 0.0, 0.0
1038, spanner, 9, 0.006355932203389831, 1.0, 0.0
1039, spanner, 10, 0.007062146892655367, 0.0, 0.0
1040, spanner, 10, 0.007062146892655367, 0.0, 0.0
1041, spanner, 10, 0.007062146892655367, 0.0, 0.0
1042, spanner, 10, 0.007062146892655367, 0.0, 0.0
1043, spanner, 10, 0.007062146892655367, 0.0, 0.0
1044, spanner, 10, 0.007062146892655367, 0.0, 0.0
1045, spanner, 10, 0.007062146892655367, 1.0, 0.0
1046, spanner, 47, 0.033192090395480225, 1.0, 0.0
1047, spanner, 46, 0.03248587570621469, 1.0, 0.0
1048, spanner, 50, 0.03531073446327684, 1.0, 0.0
1049, spanner, 43, 0.03036723163841808, 1.0, 0.0
1050, spanner, 50, 0.03531073446327684, 1.0, 0.0
1051, spanner, 47, 0.033192090395480225, 1.0, 0.0
1052, spanner, 45, 0.03177966101694915, 1.0, 0.0
1053, spanner, 47, 0.033192090395480225, 1.0, 0.0
1054, spanner, 50, 0.03531073446327684, 0.0, 0.0
1055, spanner, 48, 0.03389830508474576, 1.0, 0.0
1056, spanner, 93, 0.06567796610169492, 1.0, 0.0
1057, spanner, 96, 0.06779661016949153, 1.0, 0.0
1058, spanner, 95, 0.067090395480226, 1.0, 0.0
1059, spanner, 90, 0.0635593220338983, 1.0, 0.0
1060, spanner, 94, 0.06638418079096045, 1.0, 0.0
1061, spanner, 96, 0.06779661016949153, 1.0, 0.0
1062, spanner, 90, 0.0635593220338983, 1.0, 0.0
1063, spanner, 95, 0.067090395480226, 1.0, 0.0
1064, spanner, 87, 0.0614406779661017, 1.0, 0.0
1065, spanner, 93, 0.06567796610169492, 1.0, 0.0
1066, spanner, 13, 0.009180790960451978, 1.0, 0.0
1067, spanner, 11, 0.007768361581920904, 1.0, 0.0
1068, spanner, 9, 0.006355932203389831, 1.0, 0.0
1069, spanner, 20, 0.014124293785310734, 0.0, 0.0
1070, spanner, 10, 0.007062146892655367, 1.0, 0.0
1071, spanner, 20, 0.014124293785310734, 1.0, 0.0
1072, spanner, 20, 0.014124293785310734, 0.0, 0.0
1073, spanner, 13, 0.009180790960451978, 1.0, 0.0
1074, spanner, 13, 0.009180790960451978, 1.0, 0.0
1075, spanner, 6, 0.00423728813559322, 1.0, 0.0
1076, spanner, 64, 0.04519774011299435, 1.0, 0.0
1077, spanner, 74, 0.052259887005649715, 1.0, 0.0
1078, spanner, 82, 0.05790960451977401, 1.0, 0.0
1079, spanner, 78, 0.05508474576271186, 1.0, 0.0
1080, spanner, 74, 0.052259887005649715, 1.0, 0.0
1081, spanner, 67, 0.04731638418079096, 1.0, 0.0
1082, spanner, 60, 0.0423728813559322, 1.0, 0.0
1083, spanner, 74, 0.052259887005649715, 1.0, 0.0
1084, spanner, 69, 0.048728813559322036, 1.0, 0.0
1085, spanner, 81, 0.057203389830508475, 1.0, 0.0
1086, spanner, 155, 0.1094632768361582, 1.0, 0.0
1087, spanner, 153, 0.10805084745762712, 1.0, 0.0
1088, spanner, 126, 0.08898305084745763, 1.0, 0.0
1089, spanner, 130, 0.09180790960451977, 1.0, 0.0
1090, spanner, 128, 0.0903954802259887, 1.0, 0.0
1091, spanner, 156, 0.11016949152542373, 1.0, 0.0
1092, spanner, 138, 0.09745762711864407, 1.0, 0.0
1093, spanner, 140, 0.09887005649717515, 1.0, 0.0
1094, spanner, 153, 0.10805084745762712, 1.0, 0.0
1095, spanner, 181, 0.12782485875706215, 1.0, 0.0
1096, spanner, 25, 0.01765536723163842, 1.0, 0.0
1097, spanner, 6, 0.00423728813559322, 1.0, 0.0
1098, spanner, 24, 0.01694915254237288, 1.0, 0.0
1099, spanner, 16, 0.011299435028248588, 1.0, 0.0
1100, spanner, 13, 0.009180790960451978, 1.0, 0.0
1101, spanner, 17, 0.012005649717514125, 1.0, 0.0
1102, spanner, 13, 0.009180790960451978, 1.0, 0.0
1103, spanner, 22, 0.015536723163841809, 1.0, 0.0
1104, spanner, 26, 0.018361581920903956, 1.0, 0.0
1105, spanner, 16, 0.011299435028248588, 1.0, 0.0
1106, spanner, 60, 0.0423728813559322, 1.0, 0.0
1107, spanner, 83, 0.05861581920903955, 1.0, 0.0
1108, spanner, 75, 0.05296610169491525, 1.0, 0.0
1109, spanner, 98, 0.0692090395480226, 1.0, 0.0
1110, spanner, 84, 0.059322033898305086, 1.0, 0.0
1111, spanner, 73, 0.05155367231638418, 1.0, 0.0
1112, spanner, 80, 0.05649717514124294, 1.0, 0.0
1113, spanner, 71, 0.05014124293785311, 1.0, 0.0
1114, spanner, 95, 0.067090395480226, 1.0, 0.0
1115, spanner, 89, 0.06285310734463277, 1.0, 0.0
1116, spanner, 165, 0.11652542372881355, 1.0, 0.0
1117, spanner, 136, 0.096045197740113, 1.0, 0.0
1118, spanner, 123, 0.08686440677966102, 1.0, 0.0
1119, spanner, 155, 0.1094632768361582, 1.0, 0.0
1120, spanner, 155, 0.1094632768361582, 1.0, 0.0
1121, spanner, 146, 0.10310734463276836, 1.0, 0.0
1122, spanner, 153, 0.10805084745762712, 1.0, 0.0
1123, spanner, 157, 0.11087570621468927, 1.0, 0.0
1124, spanner, 190, 0.134180790960452, 1.0, 0.0
1125, spanner, 149, 0.10522598870056497, 1.0, 0.0
1126, spanner, 18, 0.012711864406779662, 1.0, 0.0
1127, spanner, 17, 0.012005649717514125, 1.0, 0.0
1128, spanner, 26, 0.018361581920903956, 1.0, 0.0
1129, spanner, 24, 0.01694915254237288, 1.0, 0.0
1130, spanner, 12, 0.00847457627118644, 1.0, 0.0
1131, spanner, 6, 0.00423728813559322, 1.0, 0.0
1132, spanner, 9, 0.006355932203389831, 1.0, 0.0
1133, spanner, 8, 0.005649717514124294, 1.0, 0.0
1134, spanner, 9, 0.006355932203389831, 1.0, 0.0
1135, spanner, 7, 0.0049435028248587575, 1.0, 0.0
1136, spanner, 79, 0.0557909604519774, 1.0, 0.0
1137, spanner, 64, 0.04519774011299435, 1.0, 0.0
1138, spanner, 83, 0.05861581920903955, 1.0, 0.0
1139, spanner, 86, 0.06073446327683616, 1.0, 0.0
1140, spanner, 80, 0.05649717514124294, 1.0, 0.0
1141, spanner, 65, 0.04590395480225989, 1.0, 0.0
1142, spanner, 53, 0.03742937853107345, 1.0, 0.0
1143, spanner, 52, 0.03672316384180791, 1.0, 0.0
1144, spanner, 83, 0.05861581920903955, 1.0, 0.0
1145, spanner, 51, 0.036016949152542374, 1.0, 0.0
1146, spanner, 165, 0.11652542372881355, 1.0, 0.0
1147, spanner, 130, 0.09180790960451977, 1.0, 0.0
1148, spanner, 170, 0.12005649717514125, 1.0, 0.0
1149, spanner, 113, 0.07980225988700565, 1.0, 0.0
1150, spanner, 148, 0.10451977401129943, 1.0, 0.0
1151, spanner, 108, 0.07627118644067797, 1.0, 0.0
1152, spanner, 181, 0.12782485875706215, 1.0, 0.0
1153, spanner, 163, 0.11511299435028248, 1.0, 0.0
1154, spanner, 164, 0.11581920903954802, 1.0, 0.0
1155, spanner, 147, 0.1038135593220339, 1.0, 0.0
1156, spanner, 22, 0.015536723163841809, 1.0, 0.0
1157, spanner, 8, 0.005649717514124294, 1.0, 0.0
1158, spanner, 16, 0.011299435028248588, 1.0, 0.0
1159, spanner, 25, 0.01765536723163842, 1.0, 0.0
1160, spanner, 26, 0.018361581920903956, 1.0, 0.0
1161, spanner, 6, 0.00423728813559322, 1.0, 0.0
1162, spanner, 16, 0.011299435028248588, 1.0, 0.0
1163, spanner, 24, 0.01694915254237288, 1.0, 0.0
1164, spanner, 24, 0.01694915254237288, 1.0, 0.0
1165, spanner, 6, 0.00423728813559322, 1.0, 0.0
1166, spanner, 87, 0.0614406779661017, 1.0, 0.0
1167, spanner, 84, 0.059322033898305086, 1.0, 0.0
1168, spanner, 64, 0.04519774011299435, 1.0, 0.0
1169, spanner, 72, 0.05084745762711865, 1.0, 0.0
1170, spanner, 94, 0.06638418079096045, 1.0, 0.0
1171, spanner, 73, 0.05155367231638418, 1.0, 0.0
1172, spanner, 66, 0.046610169491525424, 1.0, 0.0
1173, spanner, 86, 0.06073446327683616, 1.0, 0.0
1174, spanner, 65, 0.04590395480225989, 1.0, 0.0
1175, spanner, 68, 0.0480225988700565, 1.0, 0.0
1176, spanner, 147, 0.1038135593220339, 1.0, 0.0
1177, spanner, 158, 0.1115819209039548, 1.0, 0.0
1178, spanner, 150, 0.1059322033898305, 1.0, 0.0
1179, spanner, 162, 0.11440677966101695, 1.0, 0.0
1180, spanner, 167, 0.11793785310734463, 1.0, 0.0
1181, spanner, 146, 0.10310734463276836, 1.0, 0.0
1182, spanner, 133, 0.09392655367231638, 1.0, 0.0
1183, spanner, 154, 0.10875706214689265, 1.0, 0.0
1184, spanner, 166, 0.1172316384180791, 1.0, 0.0
1185, spanner, 192, 0.13559322033898305, 1.0, 0.0
1186, transport, 10, 0.0023169601482854493, 1.0, 0.0
1187, transport, 10, 0.0023169601482854493, 1.0, 0.0
1188, transport, 10, 0.0023169601482854493, 0.08571428571428572, 0.0
1189, transport, 10, 0.0023169601482854493, 1.0, 0.0
1190, transport, 10, 0.0023169601482854493, 0.08571428571428572, 0.0
1191, transport, 10, 0.0023169601482854493, 1.0, 0.0
1192, transport, 10, 0.0023169601482854493, 1.0, 0.0
1193, transport, 10, 0.0023169601482854493, 0.08571428571428572, 0.0
1194, transport, 10, 0.0023169601482854493, 1.0, 0.0
1195, transport, 40, 0.009267840593141797, 1.0, 0.0
1196, transport, 50, 0.011584800741427247, 1.0, 0.0
1197, transport, 50, 0.011584800741427247, 1.0, 0.0
1198, transport, 50, 0.011584800741427247, 1.0, 0.0
1199, transport, 50, 0.011584800741427247, 1.0, 0.0
1200, transport, 46, 0.010658016682113068, 1.0, 0.0
1201, transport, 50, 0.011584800741427247, 1.0, 0.0
1202, transport, 50, 0.011584800741427247, 1.0, 0.0
1203, transport, 50, 0.011584800741427247, 1.0, 0.0
1204, transport, 50, 0.011584800741427247, 1.0, 0.0
1205, transport, 90, 0.020852641334569044, 1.0, 0.0
1206, transport, 87, 0.02015755329008341, 1.0, 0.0
1207, transport, 100, 0.023169601482854494, 1.0, 0.0
1208, transport, 85, 0.01969416126042632, 1.0, 0.0
1209, transport, 96, 0.022242817423540315, 1.0, 0.0
1210, transport, 94, 0.021779425393883226, 1.0, 0.0
1211, transport, 100, 0.023169601482854494, 1.0, 0.0
1212, transport, 98, 0.022706209453197405, 1.0, 0.0
1213, transport, 100, 0.023169601482854494, 1.0, 0.0
1214, transport, 95, 0.02201112140871177, 1.0, 0.0
1215, transport, 8, 0.0018535681186283596, 1.0, 0.0
1216, transport, 20, 0.004633920296570899, 1.0, 0.0
1217, transport, 20, 0.004633920296570899, 1.0, 0.0
1218, transport, 8, 0.0018535681186283596, 1.0, 0.0
1219, transport, 19, 0.004402224281742354, 1.0, 0.0
1220, transport, 20, 0.004633920296570899, 1.0, 0.0
1221, transport, 20, 0.004633920296570899, 1.0, 0.0
1222, transport, 20, 0.004633920296570899, 1.0, 0.0
1223, transport, 20, 0.004633920296570899, 1.0, 0.0
1224, transport, 20, 0.004633920296570899, 1.0, 0.0
1225, transport, 100, 0.023169601482854494, 1.0, 0.0
1226, transport, 73, 0.016913809082483782, 1.0, 0.0
1227, transport, 100, 0.023169601482854494, 1.0, 0.0
1228, transport, 86, 0.019925857275254866, 1.0, 0.0
1229, transport, 91, 0.02108433734939759, 1.0, 0.0
1230, transport, 99, 0.02293790546802595, 1.0, 0.0
1231, transport, 100, 0.023169601482854494, 1.0, 0.0
1232, transport, 75, 0.01737720111214087, 1.0, 0.0
1233, transport, 99, 0.02293790546802595, 1.0, 0.0
1234, transport, 100, 0.023169601482854494, 1.0, 0.0
1235, transport, 176, 0.04077849860982391, 1.0, 0.0
1236, transport, 186, 0.04309545875810936, 1.0, 0.0
1237, transport, 172, 0.03985171455050973, 1.0, 0.0
1238, transport, 176, 0.04077849860982391, 1.0, 0.0
1239, transport, 180, 0.04170528266913809, 1.0, 0.0
1240, transport, 169, 0.0391566265060241, 1.0, 0.0
1241, transport, 151, 0.03498609823911029, 1.0, 0.0
1242, transport, 176, 0.04077849860982391, 1.0, 0.0
1243, transport, 198, 0.0458758109360519, 1.0, 0.0
1244, transport, 181, 0.04193697868396663, 1.0, 0.0
1245, transport, 30, 0.006950880444856348, 1.0, 0.0
1246, transport, 22, 0.005097312326227989, 1.0, 0.0
1247, transport, 30, 0.006950880444856348, 1.0, 0.0
1248, transport, 10, 0.0023169601482854493, 1.0, 0.0
1249, transport, 30, 0.006950880444856348, 1.0, 0.0
1250, transport, 30, 0.006950880444856348, 1.0, 0.0
1251, transport, 30, 0.006950880444856348, 1.0, 0.0
1252, transport, 30, 0.006950880444856348, 1.0, 0.0
1253, transport, 30, 0.006950880444856348, 1.0, 0.0
1254, transport, 28, 0.006487488415199258, 1.0, 0.0
1255, transport, 126, 0.029193697868396665, 1.0, 0.0
1256, transport, 121, 0.028035217794253938, 1.0, 0.0
1257, transport, 85, 0.01969416126042632, 1.0, 0.0
1258, transport, 114, 0.026413345690454126, 1.0, 0.0
1259, transport, 115, 0.02664504170528267, 1.0, 0.0
1260, transport, 121, 0.028035217794253938, 1.0, 0.0
1261, transport, 104, 0.024096385542168676, 1.0, 0.0
1262, transport, 126, 0.029193697868396665, 1.0, 0.0
1263, transport, 131, 0.030352177942539388, 1.0, 0.0
1264, transport, 102, 0.023632993512511583, 1.0, 0.0
1265, transport, 222, 0.05143651529193698, 1.0, 0.0
1266, transport, 276, 0.0639481000926784, 1.0, 0.0
1267, transport, 238, 0.0551436515291937, 1.0, 0.0
1268, transport, 260, 0.060240963855421686, 1.0, 0.0
1269, transport, 254, 0.05885078776645042, 1.0, 0.0
1270, transport, 277, 0.06417979610750695, 1.0, 0.0
1271, transport, 274, 0.06348470806302131, 1.0, 0.0
1272, transport, 215, 0.049814643188137164, 1.0, 0.0
1273, transport, 245, 0.05676552363299351, 1.0, 0.0
1274, transport, 243, 0.05630213160333642, 1.0, 0.0
1275, transport, 50, 0.011584800741427247, 1.0, 0.0
1276, transport, 50, 0.011584800741427247, 1.0, 0.0
1277, transport, 38, 0.008804448563484708, 1.0, 0.0
1278, transport, 50, 0.011584800741427247, 1.0, 0.0
1279, transport, 12, 0.0027803521779425394, 1.0, 0.0
1280, transport, 42, 0.009731232622798888, 1.0, 0.0
1281, transport, 48, 0.011121408711770158, 1.0, 0.0
1282, transport, 40, 0.009267840593141797, 1.0, 0.0
1283, transport, 12, 0.0027803521779425394, 1.0, 0.0
1284, transport, 50, 0.011584800741427247, 1.0, 0.0
1285, transport, 168, 0.03892493049119555, 1.0, 0.0
1286, transport, 168, 0.03892493049119555, 1.0, 0.0
1287, transport, 191, 0.044253938832252086, 1.0, 0.0
1288, transport, 160, 0.03707136237256719, 1.0, 0.0
1289, transport, 169, 0.0391566265060241, 1.0, 0.0
1290, transport, 195, 0.045180722891566265, 1.0, 0.0
1291, transport, 150, 0.03475440222428174, 1.0, 0.0
1292, transport, 216, 0.05004633920296571, 1.0, 0.0
1293, transport, 222, 0.05143651529193698, 1.0, 0.0
1294, transport, 151, 0.03498609823911029, 1.0, 0.0
1295, transport, 370, 0.08572752548656164, 1.0, 0.0
1296, transport, 335, 0.07761816496756256, 1.0, 0.0
1297, transport, 363, 0.08410565338276181, 1.0, 0.0
1298, transport, 346, 0.08016682113067655, 1.0, 0.0
1299, transport, 404, 0.09360518999073215, 1.0, 0.0
1300, transport, 422, 0.09777571825764597, 1.0, 0.0
1301, transport, 350, 0.08109360518999073, 1.0, 0.0
1302, transport, 404, 0.09360518999073215, 1.0, 0.0
1303, transport, 402, 0.09314179796107507, 1.0, 0.0
1304, transport, 346, 0.08016682113067655, 1.0, 0.0
1305, transport, 52, 0.012048192771084338, 1.0, 0.0
1306, transport, 62, 0.014365152919369786, 1.0, 0.0
1307, transport, 63, 0.014596848934198332, 1.0, 0.0
1308, transport, 48, 0.011121408711770158, 1.0, 0.0
1309, transport, 50, 0.011584800741427247, 1.0, 0.0
1310, transport, 40, 0.009267840593141797, 1.0, 0.0
1311, transport, 40, 0.009267840593141797, 1.0, 0.0
1312, transport, 63, 0.014596848934198332, 1.0, 0.0
1313, transport, 79, 0.01830398517145505, 1.0, 0.0
1314, transport, 83, 0.019230769230769232, 1.0, 0.0
1315, transport, 151, 0.03498609823911029, 1.0, 0.0
1316, transport, 246, 0.056997219647822055, 1.0, 0.0
1317, transport, 285, 0.06603336422613532, 1.0, 0.0
1318, transport, 193, 0.044717330861909176, 1.0, 0.0
1319, transport, 238, 0.0551436515291937, 1.0, 0.0
1320, transport, 177, 0.041010194624652455, 1.0, 0.0
1321, transport, 101, 0.02340129749768304, 1.0, 0.0
1322, transport, 186, 0.04309545875810936, 1.0, 0.0
1323, transport, 202, 0.04680259499536608, 1.0, 0.0
1324, transport, 112, 0.025949953660797033, 1.0, 0.0
1325, transport, 351, 0.08132530120481928, 1.0, 0.0
1326, transport, 409, 0.09476367006487488, 1.0, 0.0
1327, transport, 459, 0.10634847080630214, 1.0, 0.0
1328, transport, 364, 0.08433734939759036, 1.0, 0.0
1329, transport, 472, 0.10936051899907322, 1.0, 0.0
1330, transport, 417, 0.09661723818350325, 1.0, 0.0
1331, transport, 427, 0.0989341983317887, 1.0, 0.0
1332, transport, 384, 0.08897126969416126, 1.0, 0.0
1333, transport, 459, 0.10634847080630214, 1.0, 0.0
1334, transport, 461, 0.10681186283595923, 1.0, 0.0
