ID, Domain, len, len%, valid_exe, invalid_exe
0, blocksworld, 10, 0.0020185708518368995, 0, 1
1, blocksworld, 10, 0.0020185708518368995, 0, 1
2, blocksworld, 10, 0.0020185708518368995, 0, 1
3, blocksworld, 10, 0.0020185708518368995, 0, 1
4, blocksworld, 10, 0.0020185708518368995, 0, 1
5, blocksworld, 10, 0.0020185708518368995, 0, 1
6, blocksworld, 10, 0.0020185708518368995, 0, 1
7, blocksworld, 10, 0.0020185708518368995, 0, 1
8, blocksworld, 50, 0.010092854259184497, 0, 1
9, blocksworld, 30, 0.006055712555510699, 0, 1
10, blocksworld, 50, 0.010092854259184497, 0, 1
11, blocksworld, 50, 0.010092854259184497, 0, 1
12, blocksworld, 50, 0.010092854259184497, 0, 1
13, blocksworld, 40, 0.008074283407347598, 0, 1
14, blocksworld, 40, 0.008074283407347598, 0, 1
15, blocksworld, 50, 0.010092854259184497, 0, 1
16, blocksworld, 50, 0.010092854259184497, 0, 1
17, blocksworld, 50, 0.010092854259184497, 0, 1
18, blocksworld, 90, 0.018167137666532097, 0, 1
19, blocksworld, 100, 0.020185708518368994, 0, 1
20, blocksworld, 100, 0.020185708518368994, 0, 1
21, blocksworld, 100, 0.020185708518368994, 0, 1
22, blocksworld, 96, 0.019378280177634235, 0, 1
23, blocksworld, 98, 0.019781994348001614, 0, 1
24, blocksworld, 98, 0.019781994348001614, 0, 1
25, blocksworld, 100, 0.020185708518368994, 0, 1
26, blocksworld, 100, 0.020185708518368994, 0, 1
27, blocksworld, 90, 0.018167137666532097, 0, 1
28, blocksworld, 20, 0.004037141703673799, 0, 1
29, blocksworld, 12, 0.0024222850222042794, 0, 1
30, blocksworld, 10, 0.0020185708518368995, 0, 1
31, blocksworld, 20, 0.004037141703673799, 0, 1
32, blocksworld, 20, 0.004037141703673799, 0, 1
33, blocksworld, 20, 0.004037141703673799, 0, 1
34, blocksworld, 20, 0.004037141703673799, 0, 1
35, blocksworld, 20, 0.004037141703673799, 0, 1
36, blocksworld, 20, 0.004037141703673799, 0, 1
37, blocksworld, 20, 0.004037141703673799, 0, 1
38, blocksworld, 92, 0.018570851836899476, 0, 1
39, blocksworld, 96, 0.019378280177634235, 0, 1
40, blocksworld, 100, 0.020185708518368994, 0, 1
41, blocksworld, 92, 0.018570851836899476, 0, 1
42, blocksworld, 80, 0.016148566814695196, 0, 1
43, blocksworld, 90, 0.018167137666532097, 0, 1
44, blocksworld, 76, 0.015341138473960436, 0, 1
45, blocksworld, 100, 0.020185708518368994, 0, 1
46, blocksworld, 100, 0.020185708518368994, 0, 1
47, blocksworld, 74, 0.014937424303593056, 0, 1
48, blocksworld, 164, 0.03310456197012515, 0, 1
49, blocksworld, 188, 0.03794913201453371, 0, 1
50, blocksworld, 180, 0.036334275333064193, 0, 1
51, blocksworld, 164, 0.03310456197012515, 0, 1
52, blocksworld, 158, 0.03189341945902301, 0, 1
53, blocksworld, 164, 0.03310456197012515, 0, 1
54, blocksworld, 140, 0.028259991925716592, 0, 1
55, blocksworld, 192, 0.03875656035526847, 0, 1
56, blocksworld, 188, 0.03794913201453371, 0, 1
57, blocksworld, 160, 0.03229713362939039, 0, 1
58, blocksworld, 16, 0.003229713362939039, 0, 1
59, blocksworld, 12, 0.0024222850222042794, 0, 1
60, blocksworld, 30, 0.006055712555510699, 0, 1
61, blocksworld, 30, 0.006055712555510699, 0, 1
62, blocksworld, 14, 0.002825999192571659, 0, 1
63, blocksworld, 30, 0.006055712555510699, 0, 1
64, blocksworld, 30, 0.006055712555510699, 0, 1
65, blocksworld, 30, 0.006055712555510699, 0, 1
66, blocksworld, 30, 0.006055712555510699, 0, 1
67, blocksworld, 128, 0.025837706903512312, 0, 1
68, blocksworld, 144, 0.029067420266451354, 0, 1
69, blocksworld, 150, 0.030278562777553492, 0, 1
70, blocksworld, 132, 0.026645135244247074, 0, 1
71, blocksworld, 150, 0.030278562777553492, 0, 1
72, blocksworld, 98, 0.019781994348001614, 0, 1
73, blocksworld, 122, 0.024626564392410174, 0, 1
74, blocksworld, 150, 0.030278562777553492, 0, 1
75, blocksworld, 150, 0.030278562777553492, 0, 1
76, blocksworld, 128, 0.025837706903512312, 0, 1
77, blocksworld, 244, 0.04925312878482035, 0, 1
78, blocksworld, 268, 0.05409769882922891, 0, 1
79, blocksworld, 218, 0.04400484457004441, 0, 1
80, blocksworld, 280, 0.056519983851433184, 0, 1
81, blocksworld, 240, 0.04844570044408559, 0, 1
82, blocksworld, 242, 0.04884941461445297, 0, 1
83, blocksworld, 298, 0.060153411384739605, 0, 1
84, blocksworld, 300, 0.060557125555106985, 0, 1
85, blocksworld, 282, 0.05692369802180056, 0, 1
86, blocksworld, 188, 0.03794913201453371, 0, 1
87, blocksworld, 50, 0.010092854259184497, 0, 1
88, blocksworld, 24, 0.004844570044408559, 0, 1
89, blocksworld, 50, 0.010092854259184497, 0, 1
90, blocksworld, 50, 0.010092854259184497, 0, 1
91, blocksworld, 14, 0.002825999192571659, 0, 1
92, blocksworld, 40, 0.008074283407347598, 0, 1
93, blocksworld, 50, 0.010092854259184497, 0, 1
94, blocksworld, 50, 0.010092854259184497, 0, 1
95, blocksworld, 30, 0.006055712555510699, 0, 1
96, blocksworld, 50, 0.010092854259184497, 0, 1
97, blocksworld, 140, 0.028259991925716592, 0, 1
98, blocksworld, 182, 0.03673798950343157, 0, 1
99, blocksworld, 142, 0.02866370609608397, 0, 1
100, blocksworld, 244, 0.04925312878482035, 0, 1
101, blocksworld, 180, 0.036334275333064193, 0, 1
102, blocksworld, 152, 0.03068227694792087, 0, 1
103, blocksworld, 174, 0.03512313282196205, 0, 1
104, blocksworld, 200, 0.04037141703673799, 0, 1
105, blocksworld, 190, 0.03835284618490109, 0, 1
106, blocksworld, 184, 0.03714170367379895, 0, 1
107, blocksworld, 314, 0.06338312474767864, 0, 1
108, blocksworld, 358, 0.072264836495761, 0, 1
109, blocksworld, 372, 0.07509083568833266, 0, 1
110, blocksworld, 388, 0.0783205490512717, 0, 1
111, blocksworld, 364, 0.07347597900686315, 0, 1
112, blocksworld, 380, 0.07670569236980218, 0, 1
113, blocksworld, 456, 0.09204683084376261, 0, 1
114, blocksworld, 428, 0.0863948324586193, 0, 1
115, blocksworld, 370, 0.07468712151796528, 0, 1
116, blocksworld, 350, 0.07064997981429148, 0, 1
117, blocksworld, 94, 0.018974566007266856, 0, 1
118, blocksworld, 70, 0.014129995962858296, 0, 1
119, blocksworld, 86, 0.017359709325797335, 0, 1
120, blocksworld, 28, 0.005651998385143318, 0, 1
121, blocksworld, 42, 0.008477997577714978, 0, 1
122, blocksworld, 14, 0.002825999192571659, 0, 1
123, blocksworld, 52, 0.010496568429551878, 0, 1
124, blocksworld, 84, 0.016955995155429955, 0, 1
125, blocksworld, 162, 0.03270084779975777, 0, 1
126, blocksworld, 286, 0.05773112636253532, 0, 1
127, blocksworld, 262, 0.05288655631812677, 0, 1
128, blocksworld, 170, 0.03431570448122729, 0, 1
129, blocksworld, 400, 0.08074283407347597, 0, 1
130, blocksworld, 186, 0.03754541784416633, 0, 1
131, blocksworld, 82, 0.016552280985062576, 0, 1
132, blocksworld, 198, 0.03996770286637061, 0, 1
133, blocksworld, 180, 0.036334275333064193, 0, 1
134, blocksworld, 218, 0.04400484457004441, 0, 1
135, blocksworld, 432, 0.08720226079935406, 0, 1
136, blocksworld, 510, 0.10294711344368188, 0, 1
137, blocksworld, 690, 0.13928138877674606, 0, 1
138, blocksworld, 582, 0.11748082357690755, 0, 1
139, blocksworld, 598, 0.12071053693984658, 0, 1
140, blocksworld, 528, 0.1065805409769883, 0, 1
141, blocksworld, 486, 0.09810254339927331, 0, 1
142, blocksworld, 536, 0.10819539765845781, 0, 1
143, blocksworld, 444, 0.08962454582155834, 0, 1
144, blocksworld, 424, 0.08558740411788454, 0, 1
145, childsnack, 10, 0.004655493482309125, 0, 1
146, childsnack, 10, 0.004655493482309125, 0, 1
147, childsnack, 10, 0.004655493482309125, 0, 1
148, childsnack, 10, 0.004655493482309125, 0, 1
149, childsnack, 10, 0.004655493482309125, 0, 1
150, childsnack, 10, 0.004655493482309125, 0, 1
151, childsnack, 10, 0.004655493482309125, 0, 1
152, childsnack, 10, 0.004655493482309125, 0, 1
153, childsnack, 10, 0.004655493482309125, 0, 1
154, childsnack, 10, 0.004655493482309125, 0, 1
155, childsnack, 50, 0.023277467411545624, 0, 1
156, childsnack, 48, 0.0223463687150838, 0, 1
157, childsnack, 40, 0.0186219739292365, 0, 1
158, childsnack, 46, 0.021415270018621976, 0, 1
159, childsnack, 47, 0.021880819366852888, 0, 1
160, childsnack, 50, 0.023277467411545624, 0, 1
161, childsnack, 50, 0.023277467411545624, 0, 1
162, childsnack, 48, 0.0223463687150838, 0, 1
163, childsnack, 44, 0.020484171322160148, 0, 1
164, childsnack, 47, 0.021880819366852888, 0, 1
165, childsnack, 100, 0.04655493482309125, 0, 1
166, childsnack, 90, 0.04189944134078212, 0, 1
167, childsnack, 98, 0.04562383612662942, 0, 1
168, childsnack, 96, 0.0446927374301676, 0, 1
169, childsnack, 97, 0.04515828677839851, 0, 1
170, childsnack, 100, 0.04655493482309125, 0, 1
171, childsnack, 98, 0.04562383612662942, 0, 1
172, childsnack, 94, 0.043761638733705775, 0, 1
173, childsnack, 100, 0.04655493482309125, 0, 1
174, childsnack, 100, 0.04655493482309125, 0, 1
175, childsnack, 18, 0.008379888268156424, 0, 1
176, childsnack, 11, 0.005121042830540037, 0, 1
177, childsnack, 20, 0.00931098696461825, 0, 1
178, childsnack, 18, 0.008379888268156424, 0, 1
179, childsnack, 20, 0.00931098696461825, 0, 1
180, childsnack, 20, 0.00931098696461825, 0, 1
181, childsnack, 15, 0.006983240223463687, 0, 1
182, childsnack, 15, 0.006983240223463687, 0, 1
183, childsnack, 20, 0.00931098696461825, 0, 1
184, childsnack, 88, 0.040968342644320296, 0, 1
185, childsnack, 95, 0.04422718808193669, 0, 1
186, childsnack, 85, 0.03957169459962756, 0, 1
187, childsnack, 82, 0.038175046554934824, 0, 1
188, childsnack, 88, 0.040968342644320296, 0, 1
189, childsnack, 95, 0.04422718808193669, 0, 1
190, childsnack, 79, 0.03677839851024209, 0, 1
191, childsnack, 81, 0.03770949720670391, 0, 1
192, childsnack, 100, 0.04655493482309125, 0, 1
193, childsnack, 88, 0.040968342644320296, 0, 1
194, childsnack, 165, 0.07681564245810056, 0, 1
195, childsnack, 179, 0.08333333333333333, 0, 1
196, childsnack, 181, 0.08426443202979515, 0, 1
197, childsnack, 161, 0.07495344506517691, 0, 1
198, childsnack, 169, 0.07867783985102421, 0, 1
199, childsnack, 180, 0.08379888268156424, 0, 1
200, childsnack, 186, 0.08659217877094973, 0, 1
201, childsnack, 159, 0.07402234636871509, 0, 1
202, childsnack, 191, 0.08891992551210429, 0, 1
203, childsnack, 186, 0.08659217877094973, 0, 1
204, childsnack, 18, 0.008379888268156424, 0, 1
205, childsnack, 24, 0.0111731843575419, 0, 1
206, childsnack, 18, 0.008379888268156424, 0, 1
207, childsnack, 30, 0.013966480446927373, 0, 1
208, childsnack, 21, 0.009776536312849162, 0, 1
209, childsnack, 30, 0.013966480446927373, 0, 1
210, childsnack, 18, 0.008379888268156424, 0, 1
211, childsnack, 24, 0.0111731843575419, 0, 1
212, childsnack, 30, 0.013966480446927373, 0, 1
213, childsnack, 21, 0.009776536312849162, 0, 1
214, childsnack, 108, 0.05027932960893855, 0, 1
215, childsnack, 117, 0.05446927374301676, 0, 1
216, childsnack, 99, 0.046089385474860335, 0, 1
217, childsnack, 123, 0.05726256983240224, 0, 1
218, childsnack, 100, 0.04655493482309125, 0, 1
219, childsnack, 85, 0.03957169459962756, 0, 1
220, childsnack, 129, 0.06005586592178771, 0, 1
221, childsnack, 117, 0.05446927374301676, 0, 1
222, childsnack, 92, 0.04283054003724395, 0, 1
223, childsnack, 111, 0.051675977653631286, 0, 1
224, childsnack, 230, 0.10707635009310987, 0, 1
225, childsnack, 209, 0.0972998137802607, 0, 1
226, childsnack, 249, 0.11592178770949721, 0, 1
227, childsnack, 199, 0.09264432029795158, 0, 1
228, childsnack, 166, 0.07728119180633147, 0, 1
229, childsnack, 199, 0.09264432029795158, 0, 1
230, childsnack, 235, 0.10940409683426443, 0, 1
231, childsnack, 211, 0.09823091247672253, 0, 1
232, childsnack, 217, 0.10102420856610801, 0, 1
233, childsnack, 226, 0.10521415270018622, 0, 1
234, childsnack, 33, 0.015363128491620111, 0, 1
235, childsnack, 18, 0.008379888268156424, 0, 1
236, childsnack, 27, 0.012569832402234637, 0, 1
237, childsnack, 27, 0.012569832402234637, 0, 1
238, childsnack, 33, 0.015363128491620111, 0, 1
239, childsnack, 27, 0.012569832402234637, 0, 1
240, childsnack, 27, 0.012569832402234637, 0, 1
241, childsnack, 24, 0.0111731843575419, 0, 1
242, childsnack, 33, 0.015363128491620111, 0, 1
243, childsnack, 24, 0.0111731843575419, 0, 1
244, childsnack, 111, 0.051675977653631286, 0, 1
245, childsnack, 123, 0.05726256983240224, 0, 1
246, childsnack, 103, 0.04795158286778398, 0, 1
247, childsnack, 102, 0.04748603351955307, 0, 1
248, childsnack, 90, 0.04189944134078212, 0, 1
249, childsnack, 99, 0.046089385474860335, 0, 1
250, childsnack, 117, 0.05446927374301676, 0, 1
251, childsnack, 144, 0.0670391061452514, 0, 1
252, childsnack, 98, 0.04562383612662942, 0, 1
253, childsnack, 93, 0.04329608938547486, 0, 1
254, childsnack, 234, 0.10893854748603352, 0, 1
255, childsnack, 152, 0.07076350093109869, 0, 1
256, childsnack, 174, 0.08100558659217877, 0, 1
257, childsnack, 204, 0.09497206703910614, 0, 1
258, childsnack, 173, 0.08054003724394786, 0, 1
259, childsnack, 206, 0.09590316573556797, 0, 1
260, childsnack, 227, 0.10567970204841713, 0, 1
261, childsnack, 225, 0.10474860335195531, 0, 1
262, childsnack, 216, 0.1005586592178771, 0, 1
263, childsnack, 247, 0.11499068901303539, 0, 1
264, childsnack, 21, 0.009776536312849162, 0, 1
265, childsnack, 15, 0.006983240223463687, 0, 1
266, childsnack, 33, 0.015363128491620111, 0, 1
267, childsnack, 24, 0.0111731843575419, 0, 1
268, childsnack, 21, 0.009776536312849162, 0, 1
269, childsnack, 27, 0.012569832402234637, 0, 1
270, childsnack, 27, 0.012569832402234637, 0, 1
271, childsnack, 30, 0.013966480446927373, 0, 1
272, childsnack, 30, 0.013966480446927373, 0, 1
273, childsnack, 15, 0.006983240223463687, 0, 1
274, childsnack, 110, 0.051210428305400374, 0, 1
275, childsnack, 144, 0.0670391061452514, 0, 1
276, childsnack, 105, 0.04888268156424581, 0, 1
277, childsnack, 86, 0.04003724394785847, 0, 1
278, childsnack, 115, 0.053538175046554934, 0, 1
279, childsnack, 113, 0.05260707635009311, 0, 1
280, childsnack, 114, 0.05307262569832402, 0, 1
281, childsnack, 98, 0.04562383612662942, 0, 1
282, childsnack, 75, 0.034916201117318434, 0, 1
283, childsnack, 108, 0.05027932960893855, 0, 1
284, childsnack, 269, 0.12523277467411545, 0, 1
285, childsnack, 179, 0.08333333333333333, 0, 1
286, childsnack, 215, 0.10009310986964619, 0, 1
287, childsnack, 213, 0.09916201117318436, 0, 1
288, childsnack, 191, 0.08891992551210429, 0, 1
289, childsnack, 225, 0.10474860335195531, 0, 1
290, childsnack, 201, 0.0935754189944134, 0, 1
291, childsnack, 223, 0.10381750465549348, 0, 1
292, childsnack, 235, 0.10940409683426443, 0, 1
293, childsnack, 177, 0.0824022346368715, 0, 1
294, ferry, 10, 0.002730748225013654, 0, 1
295, ferry, 10, 0.002730748225013654, 0, 1
296, ferry, 10, 0.002730748225013654, 0, 1
297, ferry, 10, 0.002730748225013654, 0, 1
298, ferry, 8, 0.002184598580010923, 0, 1
299, ferry, 10, 0.002730748225013654, 0, 1
300, ferry, 10, 0.002730748225013654, 0, 1
301, ferry, 10, 0.002730748225013654, 0, 1
302, ferry, 10, 0.002730748225013654, 0, 1
303, ferry, 10, 0.002730748225013654, 0, 1
304, ferry, 30, 0.008192244675040962, 0, 1
305, ferry, 50, 0.013653741125068269, 0, 1
306, ferry, 30, 0.008192244675040962, 0, 1
307, ferry, 48, 0.013107591480065538, 0, 1
308, ferry, 40, 0.010922992900054615, 0, 1
309, ferry, 50, 0.013653741125068269, 0, 1
310, ferry, 40, 0.010922992900054615, 0, 1
311, ferry, 48, 0.013107591480065538, 0, 1
312, ferry, 28, 0.007646095030038231, 0, 1
313, ferry, 45, 0.012288367012561441, 0, 1
314, ferry, 100, 0.027307482250136537, 0, 1
315, ferry, 97, 0.026488257782632443, 0, 1
316, ferry, 100, 0.027307482250136537, 0, 1
317, ferry, 100, 0.027307482250136537, 0, 1
318, ferry, 83, 0.022665210267613325, 0, 1
319, ferry, 80, 0.02184598580010923, 0, 1
320, ferry, 97, 0.026488257782632443, 0, 1
321, ferry, 88, 0.02403058438012015, 0, 1
322, ferry, 98, 0.026761332605133806, 0, 1
323, ferry, 88, 0.02403058438012015, 0, 1
324, ferry, 20, 0.005461496450027308, 0, 1
325, ferry, 20, 0.005461496450027308, 0, 1
326, ferry, 20, 0.005461496450027308, 0, 1
327, ferry, 20, 0.005461496450027308, 0, 1
328, ferry, 20, 0.005461496450027308, 0, 1
329, ferry, 20, 0.005461496450027308, 0, 1
330, ferry, 20, 0.005461496450027308, 0, 1
331, ferry, 20, 0.005461496450027308, 0, 1
332, ferry, 20, 0.005461496450027308, 0, 1
333, ferry, 20, 0.005461496450027308, 0, 1
334, ferry, 60, 0.016384489350081924, 0, 1
335, ferry, 68, 0.018569087930092845, 0, 1
336, ferry, 99, 0.027034407427635174, 0, 1
337, ferry, 59, 0.016111414527580557, 0, 1
338, ferry, 75, 0.0204806116876024, 0, 1
339, ferry, 87, 0.023757509557618788, 0, 1
340, ferry, 82, 0.02239213544511196, 0, 1
341, ferry, 55, 0.015019115237575096, 0, 1
342, ferry, 90, 0.024576734025122882, 0, 1
343, ferry, 100, 0.027307482250136537, 0, 1
344, ferry, 183, 0.04997269251774986, 0, 1
345, ferry, 183, 0.04997269251774986, 0, 1
346, ferry, 168, 0.045876570180229385, 0, 1
347, ferry, 174, 0.047515019115237575, 0, 1
348, ferry, 156, 0.042599672310213, 0, 1
349, ferry, 187, 0.051064991807755325, 0, 1
350, ferry, 122, 0.033315128345166575, 0, 1
351, ferry, 147, 0.04014199890770071, 0, 1
352, ferry, 109, 0.029765155652648825, 0, 1
353, ferry, 191, 0.05215729109776079, 0, 1
354, ferry, 30, 0.008192244675040962, 0, 1
355, ferry, 30, 0.008192244675040962, 0, 1
356, ferry, 30, 0.008192244675040962, 0, 1
357, ferry, 7, 0.0019115237575095577, 0, 1
358, ferry, 30, 0.008192244675040962, 0, 1
359, ferry, 8, 0.002184598580010923, 0, 1
360, ferry, 30, 0.008192244675040962, 0, 1
361, ferry, 30, 0.008192244675040962, 0, 1
362, ferry, 30, 0.008192244675040962, 0, 1
363, ferry, 28, 0.007646095030038231, 0, 1
364, ferry, 103, 0.028126706717640632, 0, 1
365, ferry, 101, 0.0275805570726379, 0, 1
366, ferry, 150, 0.0409612233752048, 0, 1
367, ferry, 110, 0.030038230475150193, 0, 1
368, ferry, 142, 0.038776624795193886, 0, 1
369, ferry, 98, 0.026761332605133806, 0, 1
370, ferry, 105, 0.028672856362643363, 0, 1
371, ferry, 120, 0.03276897870016385, 0, 1
372, ferry, 131, 0.03577280174767886, 0, 1
373, ferry, 125, 0.034134352812670674, 0, 1
374, ferry, 252, 0.06881485527034407, 0, 1
375, ferry, 214, 0.05843801201529219, 0, 1
376, ferry, 221, 0.06034953577280175, 0, 1
377, ferry, 263, 0.0718186783178591, 0, 1
378, ferry, 199, 0.05434188967777171, 0, 1
379, ferry, 228, 0.0622610595303113, 0, 1
380, ferry, 243, 0.06635718186783178, 0, 1
381, ferry, 213, 0.058164937192790825, 0, 1
382, ferry, 190, 0.05188421627525942, 0, 1
383, ferry, 214, 0.05843801201529219, 0, 1
384, ferry, 18, 0.004915346805024577, 0, 1
385, ferry, 50, 0.013653741125068269, 0, 1
386, ferry, 50, 0.013653741125068269, 0, 1
387, ferry, 50, 0.013653741125068269, 0, 1
388, ferry, 31, 0.008465319497542327, 0, 1
389, ferry, 35, 0.009557618787547788, 0, 1
390, ferry, 47, 0.012834516657564172, 0, 1
391, ferry, 31, 0.008465319497542327, 0, 1
392, ferry, 32, 0.008738394320043691, 0, 1
393, ferry, 176, 0.0480611687602403, 0, 1
394, ferry, 90, 0.024576734025122882, 0, 1
395, ferry, 175, 0.04778809393773894, 0, 1
396, ferry, 218, 0.05953031130529765, 0, 1
397, ferry, 143, 0.03904969961769525, 0, 1
398, ferry, 164, 0.04478427089022392, 0, 1
399, ferry, 163, 0.04451119606772255, 0, 1
400, ferry, 74, 0.020207536865101038, 0, 1
401, ferry, 190, 0.05188421627525942, 0, 1
402, ferry, 132, 0.03604587657018023, 0, 1
403, ferry, 333, 0.09093391589295467, 0, 1
404, ferry, 302, 0.08246859639541235, 0, 1
405, ferry, 314, 0.08574549426542873, 0, 1
406, ferry, 274, 0.07482250136537412, 0, 1
407, ferry, 315, 0.0860185690879301, 0, 1
408, ferry, 229, 0.06253413435281267, 0, 1
409, ferry, 308, 0.08410704533042053, 0, 1
410, ferry, 294, 0.08028399781540142, 0, 1
411, ferry, 289, 0.0789186237028946, 0, 1
412, ferry, 284, 0.07755324959038777, 0, 1
413, ferry, 47, 0.012834516657564172, 0, 1
414, ferry, 43, 0.011742217367558712, 0, 1
415, ferry, 7, 0.0019115237575095577, 0, 1
416, ferry, 71, 0.019388312397596943, 0, 1
417, ferry, 16, 0.004369197160021846, 0, 1
418, ferry, 47, 0.012834516657564172, 0, 1
419, ferry, 71, 0.019388312397596943, 0, 1
420, ferry, 43, 0.011742217367558712, 0, 1
421, ferry, 38, 0.010376843255051884, 0, 1
422, ferry, 163, 0.04451119606772255, 0, 1
423, ferry, 152, 0.04150737302020754, 0, 1
424, ferry, 260, 0.070999453850355, 0, 1
425, ferry, 284, 0.07755324959038777, 0, 1
426, ferry, 189, 0.05161114145275805, 0, 1
427, ferry, 210, 0.05734571272528673, 0, 1
428, ferry, 173, 0.04724194429273621, 0, 1
429, ferry, 167, 0.045603495357728015, 0, 1
430, ferry, 151, 0.04123429819770617, 0, 1
431, ferry, 179, 0.0488803932277444, 0, 1
432, ferry, 366, 0.09994538503549973, 0, 1
433, ferry, 291, 0.07946477334789732, 0, 1
434, ferry, 286, 0.0780993992353905, 0, 1
435, ferry, 342, 0.09339158929546695, 0, 1
436, ferry, 452, 0.12342981977061715, 0, 1
437, ferry, 341, 0.0931185144729656, 0, 1
438, ferry, 537, 0.1466411796832332, 0, 1
439, ferry, 375, 0.10240305843801202, 0, 1
440, ferry, 361, 0.0985800109229929, 0, 1
441, ferry, 309, 0.0843801201529219, 0, 1
442, floortile, 10, 0.0011974613818704347, 0, 1
443, floortile, 10, 0.0011974613818704347, 0, 1
444, floortile, 10, 0.0011974613818704347, 0, 1
445, floortile, 10, 0.0011974613818704347, 0, 1
446, floortile, 10, 0.0011974613818704347, 0, 1
447, floortile, 10, 0.0011974613818704347, 0, 1
448, floortile, 10, 0.0011974613818704347, 0, 1
449, floortile, 10, 0.0011974613818704347, 0, 1
450, floortile, 10, 0.0011974613818704347, 0, 1
451, floortile, 10, 0.0011974613818704347, 0, 1
452, floortile, 50, 0.005987306909352174, 0, 1
453, floortile, 50, 0.005987306909352174, 0, 1
454, floortile, 50, 0.005987306909352174, 0, 1
455, floortile, 50, 0.005987306909352174, 0, 1
456, floortile, 50, 0.005987306909352174, 0, 1
457, floortile, 48, 0.005747814632978086, 0, 1
458, floortile, 50, 0.005987306909352174, 0, 1
459, floortile, 50, 0.005987306909352174, 0, 1
460, floortile, 50, 0.005987306909352174, 0, 1
461, floortile, 50, 0.005987306909352174, 0, 1
462, floortile, 95, 0.01137588312776913, 0, 1
463, floortile, 100, 0.011974613818704348, 0, 1
464, floortile, 100, 0.011974613818704348, 0, 1
465, floortile, 100, 0.011974613818704348, 0, 1
466, floortile, 97, 0.011615375404143216, 0, 1
467, floortile, 98, 0.01173512154233026, 0, 1
468, floortile, 95, 0.01137588312776913, 0, 1
469, floortile, 100, 0.011974613818704348, 0, 1
470, floortile, 100, 0.011974613818704348, 0, 1
471, floortile, 100, 0.011974613818704348, 0, 1
472, floortile, 20, 0.0023949227637408694, 0, 1
473, floortile, 16, 0.0019159382109926954, 0, 1
474, floortile, 20, 0.0023949227637408694, 0, 1
475, floortile, 20, 0.0023949227637408694, 0, 1
476, floortile, 20, 0.0023949227637408694, 0, 1
477, floortile, 20, 0.0023949227637408694, 0, 1
478, floortile, 20, 0.0023949227637408694, 0, 1
479, floortile, 20, 0.0023949227637408694, 0, 1
480, floortile, 20, 0.0023949227637408694, 0, 1
481, floortile, 20, 0.0023949227637408694, 0, 1
482, floortile, 100, 0.011974613818704348, 0, 1
483, floortile, 96, 0.011495629265956172, 0, 1
484, floortile, 96, 0.011495629265956172, 0, 1
485, floortile, 96, 0.011495629265956172, 0, 1
486, floortile, 95, 0.01137588312776913, 0, 1
487, floortile, 100, 0.011974613818704348, 0, 1
488, floortile, 82, 0.009819183331337564, 0, 1
489, floortile, 75, 0.00898096036402826, 0, 1
490, floortile, 94, 0.011256136989582086, 0, 1
491, floortile, 94, 0.011256136989582086, 0, 1
492, floortile, 193, 0.02311100467009939, 0, 1
493, floortile, 200, 0.023949227637408695, 0, 1
494, floortile, 182, 0.02179379715004191, 0, 1
495, floortile, 191, 0.022871512393725302, 0, 1
496, floortile, 193, 0.02311100467009939, 0, 1
497, floortile, 200, 0.023949227637408695, 0, 1
498, floortile, 186, 0.022272781702790085, 0, 1
499, floortile, 185, 0.022153035564603043, 0, 1
500, floortile, 194, 0.023230750808286432, 0, 1
501, floortile, 197, 0.023589989222847562, 0, 1
502, floortile, 30, 0.003592384145611304, 0, 1
503, floortile, 30, 0.003592384145611304, 0, 1
504, floortile, 30, 0.003592384145611304, 0, 1
505, floortile, 16, 0.0019159382109926954, 0, 1
506, floortile, 30, 0.003592384145611304, 0, 1
507, floortile, 30, 0.003592384145611304, 0, 1
508, floortile, 30, 0.003592384145611304, 0, 1
509, floortile, 30, 0.003592384145611304, 0, 1
510, floortile, 30, 0.003592384145611304, 0, 1
511, floortile, 30, 0.003592384145611304, 0, 1
512, floortile, 150, 0.01796192072805652, 0, 1
513, floortile, 135, 0.016165728655250868, 0, 1
514, floortile, 150, 0.01796192072805652, 0, 1
515, floortile, 111, 0.013291821338761825, 0, 1
516, floortile, 127, 0.015207759549754521, 0, 1
517, floortile, 150, 0.01796192072805652, 0, 1
518, floortile, 150, 0.01796192072805652, 0, 1
519, floortile, 136, 0.01628547479343791, 0, 1
520, floortile, 133, 0.01592623637887678, 0, 1
521, floortile, 98, 0.01173512154233026, 0, 1
522, floortile, 300, 0.03592384145611304, 0, 1
523, floortile, 240, 0.02873907316489043, 0, 1
524, floortile, 256, 0.030655011375883126, 0, 1
525, floortile, 258, 0.030894503652257214, 0, 1
526, floortile, 268, 0.03209196503412765, 0, 1
527, floortile, 260, 0.0311339959286313, 0, 1
528, floortile, 272, 0.03257094958687582, 0, 1
529, floortile, 258, 0.030894503652257214, 0, 1
530, floortile, 300, 0.03592384145611304, 0, 1
531, floortile, 275, 0.032930188001436954, 0, 1
532, floortile, 17, 0.002035684349179739, 0, 1
533, floortile, 50, 0.005987306909352174, 0, 1
534, floortile, 50, 0.005987306909352174, 0, 1
535, floortile, 50, 0.005987306909352174, 0, 1
536, floortile, 50, 0.005987306909352174, 0, 1
537, floortile, 50, 0.005987306909352174, 0, 1
538, floortile, 16, 0.0019159382109926954, 0, 1
539, floortile, 50, 0.005987306909352174, 0, 1
540, floortile, 50, 0.005987306909352174, 0, 1
541, floortile, 50, 0.005987306909352174, 0, 1
542, floortile, 215, 0.025745419710214344, 0, 1
543, floortile, 171, 0.020476589629984433, 0, 1
544, floortile, 165, 0.019758112800862173, 0, 1
545, floortile, 182, 0.02179379715004191, 0, 1
546, floortile, 216, 0.02586516584840139, 0, 1
547, floortile, 215, 0.025745419710214344, 0, 1
548, floortile, 216, 0.02586516584840139, 0, 1
549, floortile, 215, 0.025745419710214344, 0, 1
550, floortile, 208, 0.024907196742905043, 0, 1
551, floortile, 250, 0.029936534546760867, 0, 1
552, floortile, 445, 0.05328703149323434, 0, 1
553, floortile, 399, 0.04777870913663034, 0, 1
554, floortile, 500, 0.05987306909352173, 0, 1
555, floortile, 500, 0.05987306909352173, 0, 1
556, floortile, 355, 0.04250987905640043, 0, 1
557, floortile, 399, 0.04777870913663034, 0, 1
558, floortile, 433, 0.05185007783498982, 0, 1
559, floortile, 433, 0.05185007783498982, 0, 1
560, floortile, 390, 0.046700993892946956, 0, 1
561, floortile, 424, 0.05077236259130643, 0, 1
562, floortile, 64, 0.0076637528439707815, 0, 1
563, floortile, 65, 0.007783498982157825, 0, 1
564, floortile, 100, 0.011974613818704348, 0, 1
565, floortile, 100, 0.011974613818704348, 0, 1
566, floortile, 7, 0.0008382229673093043, 0, 1
567, floortile, 6, 0.0007184768291222608, 0, 1
568, floortile, 100, 0.011974613818704348, 0, 1
569, floortile, 100, 0.011974613818704348, 0, 1
570, floortile, 73, 0.008741468087654173, 0, 1
571, floortile, 458, 0.05484373128966591, 0, 1
572, floortile, 447, 0.05352652376960843, 0, 1
573, floortile, 480, 0.05747814632978086, 0, 1
574, floortile, 405, 0.0484971859657526, 0, 1
575, floortile, 417, 0.04993413962399713, 0, 1
576, floortile, 321, 0.03843851035804095, 0, 1
577, floortile, 392, 0.04694048616932104, 0, 1
578, floortile, 381, 0.04562327864926356, 0, 1
579, floortile, 391, 0.046820740031134, 0, 1
580, floortile, 430, 0.05149083942042869, 0, 1
581, floortile, 883, 0.10573584001915938, 0, 1
582, floortile, 745, 0.08921087294934739, 0, 1
583, floortile, 459, 0.05496347742785295, 0, 1
584, floortile, 803, 0.0961561489641959, 0, 1
585, floortile, 697, 0.0834630583163693, 0, 1
586, floortile, 876, 0.10489761705185008, 0, 1
587, floortile, 855, 0.10238294814992216, 0, 1
588, floortile, 869, 0.10405939408454078, 0, 1
589, floortile, 913, 0.10932822416477068, 0, 1
590, floortile, 704, 0.0843012812836786, 0, 1
591, miconic, 10, 0.006134969325153374, 0, 1
592, miconic, 10, 0.006134969325153374, 0, 1
593, miconic, 10, 0.006134969325153374, 0, 1
594, miconic, 10, 0.006134969325153374, 0, 1
595, miconic, 10, 0.006134969325153374, 0, 1
596, miconic, 10, 0.006134969325153374, 0, 1
597, miconic, 10, 0.006134969325153374, 0, 1
598, miconic, 10, 0.006134969325153374, 0, 1
599, miconic, 10, 0.006134969325153374, 0, 1
600, miconic, 10, 0.006134969325153374, 0, 1
601, miconic, 40, 0.024539877300613498, 0, 1
602, miconic, 40, 0.024539877300613498, 0, 1
603, miconic, 30, 0.018404907975460124, 0, 1
604, miconic, 27, 0.016564417177914112, 0, 1
605, miconic, 47, 0.02883435582822086, 0, 1
606, miconic, 40, 0.024539877300613498, 0, 1
607, miconic, 38, 0.023312883435582823, 0, 1
608, miconic, 40, 0.024539877300613498, 0, 1
609, miconic, 43, 0.02638036809815951, 0, 1
610, miconic, 40, 0.024539877300613498, 0, 1
611, miconic, 54, 0.033128834355828224, 0, 1
612, miconic, 73, 0.04478527607361963, 0, 1
613, miconic, 67, 0.041104294478527606, 0, 1
614, miconic, 90, 0.05521472392638037, 0, 1
615, miconic, 68, 0.04171779141104295, 0, 1
616, miconic, 83, 0.050920245398773004, 0, 1
617, miconic, 93, 0.05705521472392638, 0, 1
618, miconic, 78, 0.04785276073619632, 0, 1
619, miconic, 73, 0.04478527607361963, 0, 1
620, miconic, 95, 0.05828220858895705, 0, 1
621, miconic, 20, 0.012269938650306749, 0, 1
622, miconic, 15, 0.009202453987730062, 0, 1
623, miconic, 6, 0.0036809815950920245, 0, 1
624, miconic, 16, 0.0098159509202454, 0, 1
625, miconic, 20, 0.012269938650306749, 0, 1
626, miconic, 17, 0.010429447852760737, 0, 1
627, miconic, 20, 0.012269938650306749, 0, 1
628, miconic, 8, 0.0049079754601227, 0, 1
629, miconic, 14, 0.008588957055214725, 0, 1
630, miconic, 20, 0.012269938650306749, 0, 1
631, miconic, 46, 0.02822085889570552, 0, 1
632, miconic, 40, 0.024539877300613498, 0, 1
633, miconic, 56, 0.0343558282208589, 0, 1
634, miconic, 43, 0.02638036809815951, 0, 1
635, miconic, 76, 0.046625766871165646, 0, 1
636, miconic, 37, 0.022699386503067485, 0, 1
637, miconic, 58, 0.03558282208588957, 0, 1
638, miconic, 49, 0.030061349693251534, 0, 1
639, miconic, 43, 0.02638036809815951, 0, 1
640, miconic, 52, 0.03190184049079755, 0, 1
641, miconic, 115, 0.0705521472392638, 0, 1
642, miconic, 157, 0.09631901840490797, 0, 1
643, miconic, 129, 0.07914110429447853, 0, 1
644, miconic, 134, 0.08220858895705521, 0, 1
645, miconic, 150, 0.09202453987730061, 0, 1
646, miconic, 154, 0.09447852760736196, 0, 1
647, miconic, 92, 0.05644171779141104, 0, 1
648, miconic, 119, 0.07300613496932515, 0, 1
649, miconic, 113, 0.06932515337423313, 0, 1
650, miconic, 118, 0.07239263803680981, 0, 1
651, miconic, 13, 0.007975460122699387, 0, 1
652, miconic, 15, 0.009202453987730062, 0, 1
653, miconic, 20, 0.012269938650306749, 0, 1
654, miconic, 28, 0.01717791411042945, 0, 1
655, miconic, 13, 0.007975460122699387, 0, 1
656, miconic, 8, 0.0049079754601227, 0, 1
657, miconic, 29, 0.017791411042944787, 0, 1
658, miconic, 30, 0.018404907975460124, 0, 1
659, miconic, 20, 0.012269938650306749, 0, 1
660, miconic, 24, 0.014723926380368098, 0, 1
661, miconic, 89, 0.05460122699386503, 0, 1
662, miconic, 76, 0.046625766871165646, 0, 1
663, miconic, 59, 0.03619631901840491, 0, 1
664, miconic, 37, 0.022699386503067485, 0, 1
665, miconic, 82, 0.05030674846625767, 0, 1
666, miconic, 90, 0.05521472392638037, 0, 1
667, miconic, 51, 0.03128834355828221, 0, 1
668, miconic, 76, 0.046625766871165646, 0, 1
669, miconic, 91, 0.0558282208588957, 0, 1
670, miconic, 95, 0.05828220858895705, 0, 1
671, miconic, 153, 0.09386503067484663, 0, 1
672, miconic, 236, 0.14478527607361963, 0, 1
673, miconic, 156, 0.09570552147239264, 0, 1
674, miconic, 156, 0.09570552147239264, 0, 1
675, miconic, 199, 0.12208588957055215, 0, 1
676, miconic, 143, 0.08773006134969324, 0, 1
677, miconic, 91, 0.0558282208588957, 0, 1
678, miconic, 109, 0.06687116564417178, 0, 1
679, miconic, 92, 0.05644171779141104, 0, 1
680, miconic, 189, 0.11595092024539877, 0, 1
681, miconic, 22, 0.013496932515337423, 0, 1
682, miconic, 10, 0.006134969325153374, 0, 1
683, miconic, 17, 0.010429447852760737, 0, 1
684, miconic, 20, 0.012269938650306749, 0, 1
685, miconic, 10, 0.006134969325153374, 0, 1
686, miconic, 6, 0.0036809815950920245, 0, 1
687, miconic, 26, 0.015950920245398775, 0, 1
688, miconic, 26, 0.015950920245398775, 0, 1
689, miconic, 98, 0.06012269938650307, 0, 1
690, miconic, 117, 0.07177914110429448, 0, 1
691, miconic, 80, 0.049079754601226995, 0, 1
692, miconic, 59, 0.03619631901840491, 0, 1
693, miconic, 54, 0.033128834355828224, 0, 1
694, miconic, 91, 0.0558282208588957, 0, 1
695, miconic, 62, 0.03803680981595092, 0, 1
696, miconic, 53, 0.03251533742331288, 0, 1
697, miconic, 65, 0.03987730061349693, 0, 1
698, miconic, 97, 0.05950920245398773, 0, 1
699, miconic, 143, 0.08773006134969324, 0, 1
700, miconic, 137, 0.08404907975460123, 0, 1
701, miconic, 150, 0.09202453987730061, 0, 1
702, miconic, 182, 0.1116564417177914, 0, 1
703, miconic, 133, 0.08159509202453988, 0, 1
704, miconic, 149, 0.09141104294478528, 0, 1
705, miconic, 175, 0.10736196319018405, 0, 1
706, miconic, 159, 0.09754601226993866, 0, 1
707, miconic, 148, 0.09079754601226994, 0, 1
708, miconic, 163, 0.1, 0, 1
709, miconic, 6, 0.0036809815950920245, 0, 1
710, miconic, 15, 0.009202453987730062, 0, 1
711, miconic, 6, 0.0036809815950920245, 0, 1
712, miconic, 13, 0.007975460122699387, 0, 1
713, miconic, 16, 0.0098159509202454, 0, 1
714, miconic, 35, 0.02147239263803681, 0, 1
715, miconic, 7, 0.004294478527607362, 0, 1
716, miconic, 23, 0.01411042944785276, 0, 1
717, miconic, 14, 0.008588957055214725, 0, 1
718, miconic, 8, 0.0049079754601227, 0, 1
719, miconic, 93, 0.05705521472392638, 0, 1
720, miconic, 63, 0.03865030674846626, 0, 1
721, miconic, 108, 0.06625766871165645, 0, 1
722, miconic, 108, 0.06625766871165645, 0, 1
723, miconic, 69, 0.04233128834355828, 0, 1
724, miconic, 73, 0.04478527607361963, 0, 1
725, miconic, 46, 0.02822085889570552, 0, 1
726, miconic, 101, 0.06196319018404908, 0, 1
727, miconic, 100, 0.06134969325153374, 0, 1
728, miconic, 37, 0.022699386503067485, 0, 1
729, miconic, 202, 0.12392638036809817, 0, 1
730, miconic, 131, 0.0803680981595092, 0, 1
731, miconic, 126, 0.07730061349693251, 0, 1
732, miconic, 162, 0.09938650306748466, 0, 1
733, miconic, 133, 0.08159509202453988, 0, 1
734, miconic, 197, 0.12085889570552147, 0, 1
735, miconic, 132, 0.08098159509202454, 0, 1
736, miconic, 180, 0.11042944785276074, 0, 1
737, miconic, 194, 0.11901840490797547, 0, 1
738, miconic, 140, 0.08588957055214724, 0, 1
739, satellite, 10, 0.0003714848248449051, 0, 1
740, satellite, 9, 0.00033433634236041456, 0, 1
741, satellite, 10, 0.0003714848248449051, 0, 1
742, satellite, 10, 0.0003714848248449051, 0, 1
743, satellite, 10, 0.0003714848248449051, 0, 1
744, satellite, 10, 0.0003714848248449051, 0, 1
745, satellite, 10, 0.0003714848248449051, 0, 1
746, satellite, 10, 0.0003714848248449051, 0, 1
747, satellite, 10, 0.0003714848248449051, 0, 1
748, satellite, 10, 0.0003714848248449051, 0, 1
749, satellite, 50, 0.0018574241242245255, 0, 1
750, satellite, 50, 0.0018574241242245255, 0, 1
751, satellite, 50, 0.0018574241242245255, 0, 1
752, satellite, 50, 0.0018574241242245255, 0, 1
753, satellite, 50, 0.0018574241242245255, 0, 1
754, satellite, 50, 0.0018574241242245255, 0, 1
755, satellite, 50, 0.0018574241242245255, 0, 1
756, satellite, 46, 0.0017088301942865633, 0, 1
757, satellite, 49, 0.001820275641740035, 0, 1
758, satellite, 50, 0.0018574241242245255, 0, 1
759, satellite, 99, 0.0036776997659645604, 0, 1
760, satellite, 99, 0.0036776997659645604, 0, 1
761, satellite, 100, 0.003714848248449051, 0, 1
762, satellite, 97, 0.0036034028009955792, 0, 1
763, satellite, 100, 0.003714848248449051, 0, 1
764, satellite, 100, 0.003714848248449051, 0, 1
765, satellite, 99, 0.0036776997659645604, 0, 1
766, satellite, 100, 0.003714848248449051, 0, 1
767, satellite, 100, 0.003714848248449051, 0, 1
768, satellite, 96, 0.0035662543185110886, 0, 1
769, satellite, 20, 0.0007429696496898102, 0, 1
770, satellite, 20, 0.0007429696496898102, 0, 1
771, satellite, 20, 0.0007429696496898102, 0, 1
772, satellite, 20, 0.0007429696496898102, 0, 1
773, satellite, 15, 0.0005572272372673577, 0, 1
774, satellite, 20, 0.0007429696496898102, 0, 1
775, satellite, 20, 0.0007429696496898102, 0, 1
776, satellite, 20, 0.0007429696496898102, 0, 1
777, satellite, 20, 0.0007429696496898102, 0, 1
778, satellite, 20, 0.0007429696496898102, 0, 1
779, satellite, 100, 0.003714848248449051, 0, 1
780, satellite, 89, 0.0033062149411196553, 0, 1
781, satellite, 95, 0.0035291058360265985, 0, 1
782, satellite, 100, 0.003714848248449051, 0, 1
783, satellite, 100, 0.003714848248449051, 0, 1
784, satellite, 100, 0.003714848248449051, 0, 1
785, satellite, 95, 0.0035291058360265985, 0, 1
786, satellite, 100, 0.003714848248449051, 0, 1
787, satellite, 100, 0.003714848248449051, 0, 1
788, satellite, 86, 0.0031947694936661835, 0, 1
789, satellite, 184, 0.006835320777146253, 0, 1
790, satellite, 190, 0.007058211672053197, 0, 1
791, satellite, 199, 0.0073925480144136115, 0, 1
792, satellite, 189, 0.007021063189568706, 0, 1
793, satellite, 195, 0.007243954084475649, 0, 1
794, satellite, 184, 0.006835320777146253, 0, 1
795, satellite, 200, 0.007429696496898102, 0, 1
796, satellite, 200, 0.007429696496898102, 0, 1
797, satellite, 195, 0.007243954084475649, 0, 1
798, satellite, 200, 0.007429696496898102, 0, 1
799, satellite, 30, 0.0011144544745347153, 0, 1
800, satellite, 30, 0.0011144544745347153, 0, 1
801, satellite, 30, 0.0011144544745347153, 0, 1
802, satellite, 30, 0.0011144544745347153, 0, 1
803, satellite, 30, 0.0011144544745347153, 0, 1
804, satellite, 30, 0.0011144544745347153, 0, 1
805, satellite, 30, 0.0011144544745347153, 0, 1
806, satellite, 30, 0.0011144544745347153, 0, 1
807, satellite, 30, 0.0011144544745347153, 0, 1
808, satellite, 30, 0.0011144544745347153, 0, 1
809, satellite, 150, 0.0055722723726735765, 0, 1
810, satellite, 126, 0.004680708793045804, 0, 1
811, satellite, 128, 0.004755005758014785, 0, 1
812, satellite, 135, 0.0050150451354062184, 0, 1
813, satellite, 135, 0.0050150451354062184, 0, 1
814, satellite, 135, 0.0050150451354062184, 0, 1
815, satellite, 150, 0.0055722723726735765, 0, 1
816, satellite, 140, 0.0052007875478286714, 0, 1
817, satellite, 150, 0.0055722723726735765, 0, 1
818, satellite, 150, 0.0055722723726735765, 0, 1
819, satellite, 252, 0.009361417586091608, 0, 1
820, satellite, 258, 0.009584308480998551, 0, 1
821, satellite, 268, 0.009955793305843456, 0, 1
822, satellite, 300, 0.011144544745347153, 0, 1
823, satellite, 300, 0.011144544745347153, 0, 1
824, satellite, 278, 0.010327278130688362, 0, 1
825, satellite, 300, 0.011144544745347153, 0, 1
826, satellite, 300, 0.011144544745347153, 0, 1
827, satellite, 285, 0.010587317508079794, 0, 1
828, satellite, 300, 0.011144544745347153, 0, 1
829, satellite, 50, 0.0018574241242245255, 0, 1
830, satellite, 15, 0.0005572272372673577, 0, 1
831, satellite, 50, 0.0018574241242245255, 0, 1
832, satellite, 50, 0.0018574241242245255, 0, 1
833, satellite, 44, 0.0016345332293175824, 0, 1
834, satellite, 15, 0.0005572272372673577, 0, 1
835, satellite, 44, 0.0016345332293175824, 0, 1
836, satellite, 50, 0.0018574241242245255, 0, 1
837, satellite, 50, 0.0018574241242245255, 0, 1
838, satellite, 35, 0.0013001968869571679, 0, 1
839, satellite, 177, 0.00657528139975482, 0, 1
840, satellite, 209, 0.0077640328392585166, 0, 1
841, satellite, 180, 0.006686726847208292, 0, 1
842, satellite, 209, 0.0077640328392585166, 0, 1
843, satellite, 198, 0.007355399531929121, 0, 1
844, satellite, 220, 0.008172666146587912, 0, 1
845, satellite, 250, 0.009287120621122627, 0, 1
846, satellite, 215, 0.00798692373416546, 0, 1
847, satellite, 250, 0.009287120621122627, 0, 1
848, satellite, 250, 0.009287120621122627, 0, 1
849, satellite, 494, 0.01835135034733831, 0, 1
850, satellite, 500, 0.018574241242245253, 0, 1
851, satellite, 500, 0.018574241242245253, 0, 1
852, satellite, 400, 0.014859392993796204, 0, 1
853, satellite, 426, 0.015825253538392956, 0, 1
854, satellite, 500, 0.018574241242245253, 0, 1
855, satellite, 470, 0.01745978676771054, 0, 1
856, satellite, 469, 0.01742263828522605, 0, 1
857, satellite, 450, 0.01671681711802073, 0, 1
858, satellite, 454, 0.01686541104795869, 0, 1
859, satellite, 100, 0.003714848248449051, 0, 1
860, satellite, 100, 0.003714848248449051, 0, 1
861, satellite, 100, 0.003714848248449051, 0, 1
862, satellite, 100, 0.003714848248449051, 0, 1
863, satellite, 100, 0.003714848248449051, 0, 1
864, satellite, 100, 0.003714848248449051, 0, 1
865, satellite, 9, 0.00033433634236041456, 0, 1
866, satellite, 68, 0.0025260968089453545, 0, 1
867, satellite, 95, 0.0035291058360265985, 0, 1
868, satellite, 100, 0.003714848248449051, 0, 1
869, satellite, 486, 0.01805416248746239, 0, 1
870, satellite, 403, 0.014970838441249674, 0, 1
871, satellite, 414, 0.01537947174857907, 0, 1
872, satellite, 448, 0.01664252015305175, 0, 1
873, satellite, 272, 0.010104387235781418, 0, 1
874, satellite, 483, 0.017942717040008917, 0, 1
875, satellite, 405, 0.015045135406218655, 0, 1
876, satellite, 454, 0.01686541104795869, 0, 1
877, satellite, 271, 0.010067238753296927, 0, 1
878, satellite, 419, 0.015565214161001524, 0, 1
879, satellite, 768, 0.02853003454808871, 0, 1
880, satellite, 967, 0.035922582562502324, 0, 1
881, satellite, 948, 0.035216761395297, 0, 1
882, satellite, 847, 0.03146476466436346, 0, 1
883, satellite, 796, 0.029570192057654446, 0, 1
884, satellite, 1000, 0.03714848248449051, 0, 1
885, satellite, 843, 0.0313161707344255, 0, 1
886, satellite, 608, 0.02258627735057023, 0, 1
887, satellite, 909, 0.03376797057840187, 0, 1
888, satellite, 894, 0.03321074334113452, 0, 1
889, sokoban, 10, 0.004128819157720892, 0, 1
890, sokoban, 10, 0.004128819157720892, 0, 1
891, sokoban, 10, 0.004128819157720892, 0, 1
892, sokoban, 8, 0.0033030553261767133, 0, 1
893, sokoban, 10, 0.004128819157720892, 0, 1
894, sokoban, 10, 0.004128819157720892, 0, 1
895, sokoban, 10, 0.004128819157720892, 0, 1
896, sokoban, 10, 0.004128819157720892, 0, 1
897, sokoban, 10, 0.004128819157720892, 0, 1
898, sokoban, 10, 0.004128819157720892, 0, 1
899, sokoban, 46, 0.018992568125516102, 0, 1
900, sokoban, 47, 0.019405450041288193, 0, 1
901, sokoban, 40, 0.016515276630883566, 0, 1
902, sokoban, 46, 0.018992568125516102, 0, 1
903, sokoban, 50, 0.02064409578860446, 0, 1
904, sokoban, 48, 0.01981833195706028, 0, 1
905, sokoban, 40, 0.016515276630883566, 0, 1
906, sokoban, 46, 0.018992568125516102, 0, 1
907, sokoban, 50, 0.02064409578860446, 0, 1
908, sokoban, 48, 0.01981833195706028, 0, 1
909, sokoban, 82, 0.033856317093311314, 0, 1
910, sokoban, 98, 0.04046242774566474, 0, 1
911, sokoban, 98, 0.04046242774566474, 0, 1
912, sokoban, 87, 0.035920726672171756, 0, 1
913, sokoban, 98, 0.04046242774566474, 0, 1
914, sokoban, 90, 0.037159372419488024, 0, 1
915, sokoban, 97, 0.040049545829892653, 0, 1
916, sokoban, 85, 0.03509496284062758, 0, 1
917, sokoban, 84, 0.03468208092485549, 0, 1
918, sokoban, 85, 0.03509496284062758, 0, 1
919, sokoban, 13, 0.0053674649050371595, 0, 1
920, sokoban, 20, 0.008257638315441783, 0, 1
921, sokoban, 20, 0.008257638315441783, 0, 1
922, sokoban, 20, 0.008257638315441783, 0, 1
923, sokoban, 20, 0.008257638315441783, 0, 1
924, sokoban, 7, 0.002890173410404624, 0, 1
925, sokoban, 20, 0.008257638315441783, 0, 1
926, sokoban, 11, 0.004541701073492981, 0, 1
927, sokoban, 11, 0.004541701073492981, 0, 1
928, sokoban, 77, 0.031791907514450865, 0, 1
929, sokoban, 100, 0.04128819157720892, 0, 1
930, sokoban, 89, 0.03674649050371594, 0, 1
931, sokoban, 86, 0.03550784475639967, 0, 1
932, sokoban, 91, 0.03757225433526012, 0, 1
933, sokoban, 95, 0.03922378199834847, 0, 1
934, sokoban, 70, 0.028901734104046242, 0, 1
935, sokoban, 74, 0.0305532617671346, 0, 1
936, sokoban, 89, 0.03674649050371594, 0, 1
937, sokoban, 68, 0.028075970272502065, 0, 1
938, sokoban, 125, 0.051610239471511145, 0, 1
939, sokoban, 158, 0.06523534269199009, 0, 1
940, sokoban, 135, 0.05573905862923204, 0, 1
941, sokoban, 175, 0.07225433526011561, 0, 1
942, sokoban, 145, 0.05986787778695293, 0, 1
943, sokoban, 139, 0.0573905862923204, 0, 1
944, sokoban, 140, 0.057803468208092484, 0, 1
945, sokoban, 172, 0.07101568951279934, 0, 1
946, sokoban, 153, 0.06317093311312964, 0, 1
947, sokoban, 188, 0.07762180016515277, 0, 1
948, sokoban, 16, 0.006606110652353427, 0, 1
949, sokoban, 11, 0.004541701073492981, 0, 1
950, sokoban, 8, 0.0033030553261767133, 0, 1
951, sokoban, 30, 0.012386457473162676, 0, 1
952, sokoban, 30, 0.012386457473162676, 0, 1
953, sokoban, 16, 0.006606110652353427, 0, 1
954, sokoban, 8, 0.0033030553261767133, 0, 1
955, sokoban, 11, 0.004541701073492981, 0, 1
956, sokoban, 22, 0.009083402146985962, 0, 1
957, sokoban, 97, 0.040049545829892653, 0, 1
958, sokoban, 102, 0.042113955408753095, 0, 1
959, sokoban, 71, 0.029314616019818333, 0, 1
960, sokoban, 112, 0.046242774566473986, 0, 1
961, sokoban, 49, 0.02023121387283237, 0, 1
962, sokoban, 120, 0.0495458298926507, 0, 1
963, sokoban, 121, 0.04995871180842279, 0, 1
964, sokoban, 110, 0.04541701073492981, 0, 1
965, sokoban, 101, 0.04170107349298101, 0, 1
966, sokoban, 85, 0.03509496284062758, 0, 1
967, sokoban, 224, 0.09248554913294797, 0, 1
968, sokoban, 247, 0.10198183319570603, 0, 1
969, sokoban, 169, 0.06977704376548308, 0, 1
970, sokoban, 180, 0.07431874483897605, 0, 1
971, sokoban, 173, 0.07142857142857142, 0, 1
972, sokoban, 187, 0.07720891824938067, 0, 1
973, sokoban, 173, 0.07142857142857142, 0, 1
974, sokoban, 158, 0.06523534269199009, 0, 1
975, sokoban, 196, 0.08092485549132948, 0, 1
976, sokoban, 244, 0.10074318744838975, 0, 1
977, sokoban, 50, 0.02064409578860446, 0, 1
978, sokoban, 11, 0.004541701073492981, 0, 1
979, sokoban, 35, 0.014450867052023121, 0, 1
980, sokoban, 43, 0.017753922378199834, 0, 1
981, sokoban, 40, 0.016515276630883566, 0, 1
982, sokoban, 11, 0.004541701073492981, 0, 1
983, sokoban, 8, 0.0033030553261767133, 0, 1
984, sokoban, 15, 0.006193228736581338, 0, 1
985, sokoban, 11, 0.004541701073492981, 0, 1
986, sokoban, 50, 0.02064409578860446, 0, 1
987, sokoban, 125, 0.051610239471511145, 0, 1
988, sokoban, 93, 0.03839801816680429, 0, 1
989, sokoban, 137, 0.056564822460776217, 0, 1
990, sokoban, 124, 0.05119735755573906, 0, 1
991, sokoban, 62, 0.02559867877786953, 0, 1
992, sokoban, 104, 0.042939719240297276, 0, 1
993, sokoban, 131, 0.05408753096614368, 0, 1
994, sokoban, 94, 0.038810900082576386, 0, 1
995, sokoban, 122, 0.05037159372419488, 0, 1
996, sokoban, 57, 0.023534269199009084, 0, 1
997, sokoban, 183, 0.07555739058629232, 0, 1
998, sokoban, 286, 0.1180842279108175, 0, 1
999, sokoban, 159, 0.06564822460776218, 0, 1
1000, sokoban, 250, 0.10322047894302229, 0, 1
1001, sokoban, 315, 0.13005780346820808, 0, 1
1002, sokoban, 252, 0.10404624277456648, 0, 1
1003, sokoban, 222, 0.0916597853014038, 0, 1
1004, sokoban, 218, 0.09000825763831544, 0, 1
1005, sokoban, 173, 0.07142857142857142, 0, 1
1006, sokoban, 144, 0.05945499587118084, 0, 1
1007, sokoban, 11, 0.004541701073492981, 0, 1
1008, sokoban, 16, 0.006606110652353427, 0, 1
1009, sokoban, 12, 0.00495458298926507, 0, 1
1010, sokoban, 67, 0.027663088356729974, 0, 1
1011, sokoban, 11, 0.004541701073492981, 0, 1
1012, sokoban, 12, 0.00495458298926507, 0, 1
1013, sokoban, 8, 0.0033030553261767133, 0, 1
1014, sokoban, 8, 0.0033030553261767133, 0, 1
1015, sokoban, 14, 0.005780346820809248, 0, 1
1016, sokoban, 174, 0.07184145334434351, 0, 1
1017, sokoban, 97, 0.040049545829892653, 0, 1
1018, sokoban, 100, 0.04128819157720892, 0, 1
1019, sokoban, 89, 0.03674649050371594, 0, 1
1020, sokoban, 92, 0.037985136251032205, 0, 1
1021, sokoban, 141, 0.05821635012386457, 0, 1
1022, sokoban, 118, 0.04872006606110652, 0, 1
1023, sokoban, 189, 0.07803468208092486, 0, 1
1024, sokoban, 127, 0.052436003303055326, 0, 1
1025, sokoban, 125, 0.051610239471511145, 0, 1
1026, sokoban, 277, 0.11436829066886871, 0, 1
1027, sokoban, 223, 0.09207266721717589, 0, 1
1028, sokoban, 229, 0.09454995871180842, 0, 1
1029, sokoban, 174, 0.07184145334434351, 0, 1
1030, sokoban, 220, 0.09083402146985962, 0, 1
1031, sokoban, 318, 0.13129644921552436, 0, 1
1032, sokoban, 252, 0.10404624277456648, 0, 1
1033, sokoban, 230, 0.09496284062758051, 0, 1
1034, sokoban, 291, 0.12014863748967795, 0, 1
1035, sokoban, 313, 0.1292320396366639, 0, 1
1036, spanner, 10, 0.007062146892655367, 0, 1
1037, spanner, 10, 0.007062146892655367, 0, 1
1038, spanner, 9, 0.006355932203389831, 0, 1
1039, spanner, 10, 0.007062146892655367, 0, 1
1040, spanner, 10, 0.007062146892655367, 0, 1
1041, spanner, 10, 0.007062146892655367, 0, 1
1042, spanner, 10, 0.007062146892655367, 0, 1
1043, spanner, 10, 0.007062146892655367, 0, 1
1044, spanner, 10, 0.007062146892655367, 0, 1
1045, spanner, 10, 0.007062146892655367, 0, 1
1046, spanner, 47, 0.033192090395480225, 0, 1
1047, spanner, 46, 0.03248587570621469, 0, 1
1048, spanner, 50, 0.03531073446327684, 0, 1
1049, spanner, 43, 0.03036723163841808, 0, 1
1050, spanner, 50, 0.03531073446327684, 0, 1
1051, spanner, 47, 0.033192090395480225, 0, 1
1052, spanner, 45, 0.03177966101694915, 0, 1
1053, spanner, 47, 0.033192090395480225, 0, 1
1054, spanner, 50, 0.03531073446327684, 0, 1
1055, spanner, 48, 0.03389830508474576, 0, 1
1056, spanner, 93, 0.06567796610169492, 0, 1
1057, spanner, 96, 0.06779661016949153, 0, 1
1058, spanner, 95, 0.067090395480226, 0, 1
1059, spanner, 90, 0.0635593220338983, 0, 1
1060, spanner, 94, 0.06638418079096045, 0, 1
1061, spanner, 96, 0.06779661016949153, 0, 1
1062, spanner, 90, 0.0635593220338983, 0, 1
1063, spanner, 95, 0.067090395480226, 0, 1
1064, spanner, 87, 0.0614406779661017, 0, 1
1065, spanner, 93, 0.06567796610169492, 0, 1
1066, spanner, 13, 0.009180790960451978, 0, 1
1067, spanner, 11, 0.007768361581920904, 0, 1
1068, spanner, 9, 0.006355932203389831, 0, 1
1069, spanner, 20, 0.014124293785310734, 0, 1
1070, spanner, 10, 0.007062146892655367, 0, 1
1071, spanner, 20, 0.014124293785310734, 0, 1
1072, spanner, 20, 0.014124293785310734, 0, 1
1073, spanner, 13, 0.009180790960451978, 0, 1
1074, spanner, 13, 0.009180790960451978, 0, 1
1075, spanner, 6, 0.00423728813559322, 0, 1
1076, spanner, 64, 0.04519774011299435, 0, 1
1077, spanner, 74, 0.052259887005649715, 0, 1
1078, spanner, 82, 0.05790960451977401, 0, 1
1079, spanner, 78, 0.05508474576271186, 0, 1
1080, spanner, 74, 0.052259887005649715, 0, 1
1081, spanner, 67, 0.04731638418079096, 0, 1
1082, spanner, 60, 0.0423728813559322, 0, 1
1083, spanner, 74, 0.052259887005649715, 0, 1
1084, spanner, 69, 0.048728813559322036, 0, 1
1085, spanner, 81, 0.057203389830508475, 0, 1
1086, spanner, 155, 0.1094632768361582, 0, 1
1087, spanner, 153, 0.10805084745762712, 0, 1
1088, spanner, 126, 0.08898305084745763, 0, 1
1089, spanner, 130, 0.09180790960451977, 0, 1
1090, spanner, 128, 0.0903954802259887, 0, 1
1091, spanner, 156, 0.11016949152542373, 0, 1
1092, spanner, 138, 0.09745762711864407, 0, 1
1093, spanner, 140, 0.09887005649717515, 0, 1
1094, spanner, 153, 0.10805084745762712, 0, 1
1095, spanner, 181, 0.12782485875706215, 0, 1
1096, spanner, 25, 0.01765536723163842, 0, 1
1097, spanner, 6, 0.00423728813559322, 0, 1
1098, spanner, 24, 0.01694915254237288, 0, 1
1099, spanner, 16, 0.011299435028248588, 0, 1
1100, spanner, 13, 0.009180790960451978, 0, 1
1101, spanner, 17, 0.012005649717514125, 0, 1
1102, spanner, 13, 0.009180790960451978, 0, 1
1103, spanner, 22, 0.015536723163841809, 0, 1
1104, spanner, 26, 0.018361581920903956, 0, 1
1105, spanner, 16, 0.011299435028248588, 0, 1
1106, spanner, 60, 0.0423728813559322, 0, 1
1107, spanner, 83, 0.05861581920903955, 0, 1
1108, spanner, 75, 0.05296610169491525, 0, 1
1109, spanner, 98, 0.0692090395480226, 0, 1
1110, spanner, 84, 0.059322033898305086, 0, 1
1111, spanner, 73, 0.05155367231638418, 0, 1
1112, spanner, 80, 0.05649717514124294, 0, 1
1113, spanner, 71, 0.05014124293785311, 0, 1
1114, spanner, 95, 0.067090395480226, 0, 1
1115, spanner, 89, 0.06285310734463277, 0, 1
1116, spanner, 165, 0.11652542372881355, 0, 1
1117, spanner, 136, 0.096045197740113, 0, 1
1118, spanner, 123, 0.08686440677966102, 0, 1
1119, spanner, 155, 0.1094632768361582, 0, 1
1120, spanner, 155, 0.1094632768361582, 0, 1
1121, spanner, 146, 0.10310734463276836, 0, 1
1122, spanner, 153, 0.10805084745762712, 0, 1
1123, spanner, 157, 0.11087570621468927, 0, 1
1124, spanner, 190, 0.134180790960452, 0, 1
1125, spanner, 149, 0.10522598870056497, 0, 1
1126, spanner, 18, 0.012711864406779662, 0, 1
1127, spanner, 17, 0.012005649717514125, 0, 1
1128, spanner, 26, 0.018361581920903956, 0, 1
1129, spanner, 24, 0.01694915254237288, 0, 1
1130, spanner, 12, 0.00847457627118644, 0, 1
1131, spanner, 6, 0.00423728813559322, 0, 1
1132, spanner, 9, 0.006355932203389831, 0, 1
1133, spanner, 8, 0.005649717514124294, 0, 1
1134, spanner, 9, 0.006355932203389831, 0, 1
1135, spanner, 7, 0.0049435028248587575, 0, 1
1136, spanner, 79, 0.0557909604519774, 0, 1
1137, spanner, 64, 0.04519774011299435, 0, 1
1138, spanner, 83, 0.05861581920903955, 0, 1
1139, spanner, 86, 0.06073446327683616, 0, 1
1140, spanner, 80, 0.05649717514124294, 0, 1
1141, spanner, 65, 0.04590395480225989, 0, 1
1142, spanner, 53, 0.03742937853107345, 0, 1
1143, spanner, 52, 0.03672316384180791, 0, 1
1144, spanner, 83, 0.05861581920903955, 0, 1
1145, spanner, 51, 0.036016949152542374, 0, 1
1146, spanner, 165, 0.11652542372881355, 0, 1
1147, spanner, 130, 0.09180790960451977, 0, 1
1148, spanner, 170, 0.12005649717514125, 0, 1
1149, spanner, 113, 0.07980225988700565, 0, 1
1150, spanner, 148, 0.10451977401129943, 0, 1
1151, spanner, 108, 0.07627118644067797, 0, 1
1152, spanner, 181, 0.12782485875706215, 0, 1
1153, spanner, 163, 0.11511299435028248, 0, 1
1154, spanner, 164, 0.11581920903954802, 0, 1
1155, spanner, 147, 0.1038135593220339, 0, 1
1156, spanner, 22, 0.015536723163841809, 0, 1
1157, spanner, 8, 0.005649717514124294, 0, 1
1158, spanner, 16, 0.011299435028248588, 0, 1
1159, spanner, 25, 0.01765536723163842, 0, 1
1160, spanner, 26, 0.018361581920903956, 0, 1
1161, spanner, 6, 0.00423728813559322, 0, 1
1162, spanner, 16, 0.011299435028248588, 0, 1
1163, spanner, 24, 0.01694915254237288, 0, 1
1164, spanner, 24, 0.01694915254237288, 0, 1
1165, spanner, 6, 0.00423728813559322, 0, 1
1166, spanner, 87, 0.0614406779661017, 0, 1
1167, spanner, 84, 0.059322033898305086, 0, 1
1168, spanner, 64, 0.04519774011299435, 0, 1
1169, spanner, 72, 0.05084745762711865, 0, 1
1170, spanner, 94, 0.06638418079096045, 0, 1
1171, spanner, 73, 0.05155367231638418, 0, 1
1172, spanner, 66, 0.046610169491525424, 0, 1
1173, spanner, 86, 0.06073446327683616, 0, 1
1174, spanner, 65, 0.04590395480225989, 0, 1
1175, spanner, 68, 0.0480225988700565, 0, 1
1176, spanner, 147, 0.1038135593220339, 0, 1
1177, spanner, 158, 0.1115819209039548, 0, 1
1178, spanner, 150, 0.1059322033898305, 0, 1
1179, spanner, 162, 0.11440677966101695, 0, 1
